source_id,alpha_a,alpha_b,jaccard,n_a,n_b
6,0.0,0.25,0.8333333333333334,11,11
6,0.0,0.5,0.3076923076923077,11,6
6,0.0,0.75,0.3076923076923077,11,6
6,0.0,1.0,0.14285714285714285,11,5
6,0.25,0.5,0.4166666666666667,11,6
6,0.25,0.75,0.4166666666666667,11,6
6,0.25,1.0,0.23076923076923078,11,5
6,0.5,0.75,1.0,6,6
6,0.5,1.0,0.5714285714285714,6,5
6,0.75,1.0,0.5714285714285714,6,5
11,0.0,0.25,0.5,7,5
11,0.0,0.5,0.3333333333333333,7,5
11,0.0,0.75,0.2222222222222222,7,4
11,0.0,1.0,0.1,7,4
11,0.25,0.5,0.6666666666666666,5,5
11,0.25,0.75,0.5,5,4
11,0.25,1.0,0.2857142857142857,5,4
11,0.5,0.75,0.8,5,4
11,0.5,1.0,0.5,5,4
11,0.75,1.0,0.6,4,4
15,0.0,0.25,0.5,5,4
15,0.0,0.5,0.3333333333333333,5,3
15,0.0,0.75,0.0,5,2
15,0.0,1.0,0.0,5,2
15,0.25,0.5,0.75,4,3
15,0.25,0.75,0.2,4,2
15,0.25,1.0,0.2,4,2
15,0.5,0.75,0.25,3,2
15,0.5,1.0,0.25,3,2
15,0.75,1.0,0.3333333333333333,2,2
16,0.0,0.25,1.0,3,3
16,0.0,0.5,0.3333333333333333,3,1
16,0.0,0.75,0.3333333333333333,3,1
16,0.0,1.0,0.3333333333333333,3,1
16,0.25,0.5,0.3333333333333333,3,1
16,0.25,0.75,0.3333333333333333,3,1
16,0.25,1.0,0.3333333333333333,3,1
16,0.5,0.75,1.0,1,1
16,0.5,1.0,1.0,1,1
16,0.75,1.0,1.0,1,1
24,0.0,0.25,0.4,4,3
24,0.0,0.5,0.0,4,2
24,0.0,0.75,0.0,4,2
24,0.0,1.0,0.0,4,2
24,0.25,0.5,0.25,3,2
24,0.25,0.75,0.25,3,2
24,0.25,1.0,0.0,3,2
24,0.5,0.75,1.0,2,2
24,0.5,1.0,0.3333333333333333,2,2
24,0.75,1.0,0.3333333333333333,2,2
25,0.0,0.25,0.2857142857142857,6,3
25,0.0,0.5,0.14285714285714285,6,2
25,0.0,0.75,0.14285714285714285,6,2
25,0.0,1.0,0.14285714285714285,6,2
25,0.25,0.5,0.6666666666666666,3,2
25,0.25,0.75,0.6666666666666666,3,2
25,0.25,1.0,0.6666666666666666,3,2
25,0.5,0.75,1.0,2,2
25,0.5,1.0,1.0,2,2
25,0.75,1.0,1.0,2,2
26,0.0,0.25,0.75,11,10
26,0.0,0.5,0.6153846153846154,11,10
26,0.0,0.75,0.6153846153846154,11,10
26,0.0,1.0,0.6153846153846154,11,10
26,0.25,0.5,0.8181818181818182,10,10
26,0.25,0.75,0.8181818181818182,10,10
26,0.25,1.0,0.8181818181818182,10,10
26,0.5,0.75,1.0,10,10
26,0.5,1.0,1.0,10,10
26,0.75,1.0,1.0,10,10
37,0.0,0.25,1.0,3,3
37,0.0,0.5,1.0,3,3
37,0.0,0.75,0.5,3,3
37,0.0,1.0,0.25,3,2
37,0.25,0.5,1.0,3,3
37,0.25,0.75,0.5,3,3
37,0.25,1.0,0.25,3,2
37,0.5,0.75,0.5,3,3
37,0.5,1.0,0.25,3,2
37,0.75,1.0,0.25,3,2
43,0.0,0.25,0.8,5,4
43,0.0,0.5,0.6,5,3
43,0.0,0.75,0.0,5,1
43,0.0,1.0,0.0,5,1
43,0.25,0.5,0.75,4,3
43,0.25,0.75,0.0,4,1
43,0.25,1.0,0.0,4,1
43,0.5,0.75,0.0,3,1
43,0.5,1.0,0.0,3,1
43,0.75,1.0,1.0,1,1
47,0.0,0.25,0.5555555555555556,7,7
47,0.0,0.5,0.3333333333333333,7,5
47,0.0,0.75,0.1111111111111111,7,3
47,0.0,1.0,0.0,7,1
47,0.25,0.5,0.7142857142857143,7,5
47,0.25,0.75,0.25,7,3
47,0.25,1.0,0.0,7,1
47,0.5,0.75,0.3333333333333333,5,3
47,0.5,1.0,0.0,5,1
47,0.75,1.0,0.3333333333333333,3,1
48,0.0,0.25,0.6666666666666666,5,5
48,0.0,0.5,0.2857142857142857,5,4
48,0.0,0.75,0.125,5,4
48,0.0,1.0,0.0,5,3
48,0.25,0.5,0.5,5,4
48,0.25,0.75,0.2857142857142857,5,4
48,0.25,1.0,0.14285714285714285,5,3
48,0.5,0.75,0.6,4,4
48,0.5,1.0,0.16666666666666666,4,3
48,0.75,1.0,0.4,4,3
49,0.0,0.25,1.0,3,3
49,0.0,0.5,0.25,3,2
49,0.0,0.75,0.0,3,2
49,0.0,1.0,0.0,3,2
49,0.25,0.5,0.25,3,2
49,0.25,0.75,0.0,3,2
49,0.25,1.0,0.0,3,2
49,0.5,0.75,0.3333333333333333,2,2
49,0.5,1.0,0.3333333333333333,2,2
49,0.75,1.0,1.0,2,2
52,0.0,0.25,1.0,6,6
52,0.0,0.5,0.5714285714285714,6,5
52,0.0,0.75,0.25,6,4
52,0.0,1.0,0.25,6,4
52,0.25,0.5,0.5714285714285714,6,5
52,0.25,0.75,0.25,6,4
52,0.25,1.0,0.25,6,4
52,0.5,0.75,0.5,5,4
52,0.5,1.0,0.5,5,4
52,0.75,1.0,1.0,4,4
58,0.0,0.25,0.8333333333333334,6,5
58,0.0,0.5,0.5714285714285714,6,5
58,0.0,0.75,0.0,6,1
58,0.0,1.0,0.0,6,1
58,0.25,0.5,0.6666666666666666,5,5
58,0.25,0.75,0.0,5,1
58,0.25,1.0,0.0,5,1
58,0.5,0.75,0.0,5,1
58,0.5,1.0,0.0,5,1
58,0.75,1.0,1.0,1,1
60,0.0,0.25,0.3333333333333333,5,3
60,0.0,0.5,0.16666666666666666,5,2
60,0.0,0.75,0.16666666666666666,5,2
60,0.0,1.0,0.0,5,2
60,0.25,0.5,0.6666666666666666,3,2
60,0.25,0.75,0.25,3,2
60,0.25,1.0,0.25,3,2
60,0.5,0.75,0.3333333333333333,2,2
60,0.5,1.0,0.3333333333333333,2,2
60,0.75,1.0,0.3333333333333333,2,2
61,0.0,0.25,0.5714285714285714,7,4
61,0.0,0.5,0.5714285714285714,7,4
61,0.0,0.75,0.375,7,4
61,0.0,1.0,0.125,7,2
61,0.25,0.5,0.6,4,4
61,0.25,0.75,0.3333333333333333,4,4
61,0.25,1.0,0.2,4,2
61,0.5,0.75,0.6,4,4
61,0.5,1.0,0.2,4,2
61,0.75,1.0,0.5,4,2
63,0.0,0.25,1.0,2,2
63,0.0,0.5,1.0,2,2
63,0.0,0.75,1.0,2,2
63,0.0,1.0,0.0,2,1
63,0.25,0.5,1.0,2,2
63,0.25,0.75,1.0,2,2
63,0.25,1.0,0.0,2,1
63,0.5,0.75,1.0,2,2
63,0.5,1.0,0.0,2,1
63,0.75,1.0,0.0,2,1
83,0.0,0.25,0.5714285714285714,7,4
83,0.0,0.5,0.125,7,2
83,0.0,0.75,0.125,7,2
83,0.0,1.0,0.125,7,2
83,0.25,0.5,0.2,4,2
83,0.25,0.75,0.2,4,2
83,0.25,1.0,0.2,4,2
83,0.5,0.75,1.0,2,2
83,0.5,1.0,1.0,2,2
83,0.75,1.0,1.0,2,2
84,0.0,0.25,0.4166666666666667,9,8
84,0.0,0.5,0.4166666666666667,9,8
84,0.0,0.75,0.23076923076923078,9,7
84,0.0,1.0,0.23076923076923078,9,7
84,0.25,0.5,1.0,8,8
84,0.25,0.75,0.6666666666666666,8,7
84,0.25,1.0,0.6666666666666666,8,7
84,0.5,0.75,0.6666666666666666,8,7
84,0.5,1.0,0.6666666666666666,8,7
84,0.75,1.0,1.0,7,7
86,0.0,0.25,0.0,3,1
86,0.0,0.5,0.0,3,1
86,0.0,0.75,0.0,3,1
86,0.0,1.0,0.0,3,1
86,0.25,0.5,1.0,1,1
86,0.25,0.75,1.0,1,1
86,0.25,1.0,1.0,1,1
86,0.5,0.75,1.0,1,1
86,0.5,1.0,1.0,1,1
86,0.75,1.0,1.0,1,1
92,0.0,0.25,1.0,2,2
92,0.0,0.5,0.3333333333333333,2,2
92,0.0,0.75,0.3333333333333333,2,2
92,0.0,1.0,0.0,2,1
92,0.25,0.5,0.3333333333333333,2,2
92,0.25,0.75,0.3333333333333333,2,2
92,0.25,1.0,0.0,2,1
92,0.5,0.75,0.3333333333333333,2,2
92,0.5,1.0,0.0,2,1
92,0.75,1.0,0.5,2,1
96,0.0,0.25,0.4,9,5
96,0.0,0.5,0.18181818181818182,9,4
96,0.0,0.75,0.18181818181818182,9,4
96,0.0,1.0,0.08333333333333333,9,4
96,0.25,0.5,0.2857142857142857,5,4
96,0.25,0.75,0.2857142857142857,5,4
96,0.25,1.0,0.2857142857142857,5,4
96,0.5,0.75,1.0,4,4
96,0.5,1.0,0.6,4,4
96,0.75,1.0,0.6,4,4
102,0.0,0.25,0.875,15,15
102,0.0,0.5,0.8125,15,14
102,0.0,0.75,0.75,15,13
102,0.0,1.0,0.75,15,13
102,0.25,0.5,0.9333333333333333,15,14
102,0.25,0.75,0.8666666666666667,15,13
102,0.25,1.0,0.8666666666666667,15,13
102,0.5,0.75,0.8,14,13
102,0.5,1.0,0.8,14,13
102,0.75,1.0,0.8571428571428571,13,13
103,0.0,0.25,1.0,4,4
103,0.0,0.5,1.0,4,4
103,0.0,0.75,0.75,4,3
103,0.0,1.0,0.75,4,3
103,0.25,0.5,1.0,4,4
103,0.25,0.75,0.75,4,3
103,0.25,1.0,0.75,4,3
103,0.5,0.75,0.75,4,3
103,0.5,1.0,0.75,4,3
103,0.75,1.0,1.0,3,3
112,0.0,0.25,1.0,3,3
112,0.0,0.5,1.0,3,3
112,0.0,0.75,1.0,3,3
112,0.0,1.0,1.0,3,3
112,0.25,0.5,1.0,3,3
112,0.25,0.75,1.0,3,3
112,0.25,1.0,1.0,3,3
112,0.5,0.75,1.0,3,3
112,0.5,1.0,1.0,3,3
112,0.75,1.0,1.0,3,3
117,0.0,0.25,0.5555555555555556,8,6
117,0.0,0.5,0.4444444444444444,8,5
117,0.0,0.75,0.4444444444444444,8,5
117,0.0,1.0,0.3,8,5
117,0.25,0.5,0.8333333333333334,6,5
117,0.25,0.75,0.8333333333333334,6,5
117,0.25,1.0,0.5714285714285714,6,5
117,0.5,0.75,1.0,5,5
117,0.5,1.0,0.6666666666666666,5,5
117,0.75,1.0,0.6666666666666666,5,5
124,0.0,0.25,0.5,5,4
124,0.0,0.5,0.0,5,1
124,0.0,0.75,0.0,5,1
124,0.0,1.0,0.0,5,1
124,0.25,0.5,0.0,4,1
124,0.25,0.75,0.0,4,1
124,0.25,1.0,0.0,4,1
124,0.5,0.75,1.0,1,1
124,0.5,1.0,1.0,1,1
124,0.75,1.0,1.0,1,1
127,0.0,0.25,0.8,5,4
127,0.0,0.5,0.8,5,4
127,0.0,0.75,0.8,5,4
127,0.0,1.0,0.8,5,4
127,0.25,0.5,1.0,4,4
127,0.25,0.75,1.0,4,4
127,0.25,1.0,1.0,4,4
127,0.5,0.75,1.0,4,4
127,0.5,1.0,1.0,4,4
127,0.75,1.0,1.0,4,4
130,0.0,0.25,0.6666666666666666,5,5
130,0.0,0.5,0.2857142857142857,5,4
130,0.0,0.75,0.2857142857142857,5,4
130,0.0,1.0,0.2857142857142857,5,4
130,0.25,0.5,0.5,5,4
130,0.25,0.75,0.5,5,4
130,0.25,1.0,0.5,5,4
130,0.5,0.75,1.0,4,4
130,0.5,1.0,1.0,4,4
130,0.75,1.0,1.0,4,4
131,0.0,0.25,0.6,4,4
131,0.0,0.5,0.6,4,4
131,0.0,0.75,0.3333333333333333,4,4
131,0.0,1.0,0.16666666666666666,4,3
131,0.25,0.5,1.0,4,4
131,0.25,0.75,0.6,4,4
131,0.25,1.0,0.4,4,3
131,0.5,0.75,0.6,4,4
131,0.5,1.0,0.4,4,3
131,0.75,1.0,0.75,4,3
138,0.0,0.25,0.6666666666666666,5,5
138,0.0,0.5,0.2857142857142857,5,4
138,0.0,0.75,0.2857142857142857,5,4
138,0.0,1.0,0.125,5,4
138,0.25,0.5,0.5,5,4
138,0.25,0.75,0.5,5,4
138,0.25,1.0,0.2857142857142857,5,4
138,0.5,0.75,1.0,4,4
138,0.5,1.0,0.6,4,4
138,0.75,1.0,0.6,4,4
141,0.0,0.25,0.0,2,1
141,0.0,0.5,0.0,2,1
141,0.0,0.75,0.0,2,1
141,0.0,1.0,0.0,2,1
141,0.25,0.5,1.0,1,1
141,0.25,0.75,1.0,1,1
141,0.25,1.0,1.0,1,1
141,0.5,0.75,1.0,1,1
141,0.5,1.0,1.0,1,1
141,0.75,1.0,1.0,1,1
148,0.0,0.25,0.75,7,7
148,0.0,0.5,0.4444444444444444,7,6
148,0.0,0.75,0.1111111111111111,7,3
148,0.0,1.0,0.0,7,1
148,0.25,0.5,0.4444444444444444,7,6
148,0.25,0.75,0.1111111111111111,7,3
148,0.25,1.0,0.0,7,1
148,0.5,0.75,0.5,6,3
148,0.5,1.0,0.16666666666666666,6,1
148,0.75,1.0,0.3333333333333333,3,1
151,0.0,0.25,0.6666666666666666,8,7
151,0.0,0.5,0.4,8,6
151,0.0,0.75,0.4,8,6
151,0.0,1.0,0.4,8,6
151,0.25,0.5,0.625,7,6
151,0.25,0.75,0.625,7,6
151,0.25,1.0,0.625,7,6
151,0.5,0.75,1.0,6,6
151,0.5,1.0,1.0,6,6
151,0.75,1.0,1.0,6,6
157,0.0,0.25,0.625,7,6
157,0.0,0.5,0.2222222222222222,7,4
157,0.0,0.75,0.1,7,4
157,0.0,1.0,0.1,7,4
157,0.25,0.5,0.25,6,4
157,0.25,0.75,0.1111111111111111,6,4
157,0.25,1.0,0.1111111111111111,6,4
157,0.5,0.75,0.6,4,4
157,0.5,1.0,0.6,4,4
157,0.75,1.0,1.0,4,4
158,0.0,0.25,0.3333333333333333,7,5
158,0.0,0.5,0.1,7,4
158,0.0,0.75,0.1,7,4
158,0.0,1.0,0.1,7,4
158,0.25,0.5,0.5,5,4
158,0.25,0.75,0.5,5,4
158,0.25,1.0,0.5,5,4
158,0.5,0.75,1.0,4,4
158,0.5,1.0,0.6,4,4
158,0.75,1.0,0.6,4,4
162,0.0,0.25,0.5,7,5
162,0.0,0.5,0.5,7,5
162,0.0,0.75,0.3333333333333333,7,5
162,0.0,1.0,0.1,7,4
162,0.25,0.5,0.6666666666666666,5,5
162,0.25,0.75,0.42857142857142855,5,5
162,0.25,1.0,0.2857142857142857,5,4
162,0.5,0.75,0.6666666666666666,5,5
162,0.5,1.0,0.2857142857142857,5,4
162,0.75,1.0,0.5,5,4
167,0.0,0.25,0.625,7,6
167,0.0,0.5,0.375,7,4
167,0.0,0.75,0.2222222222222222,7,4
167,0.0,1.0,0.2222222222222222,7,4
167,0.25,0.5,0.6666666666666666,6,4
167,0.25,0.75,0.42857142857142855,6,4
167,0.25,1.0,0.42857142857142855,6,4
167,0.5,0.75,0.6,4,4
167,0.5,1.0,0.6,4,4
167,0.75,1.0,1.0,4,4
170,0.0,0.25,1.0,2,2
170,0.0,0.5,1.0,2,2
170,0.0,0.75,0.3333333333333333,2,2
170,0.0,1.0,0.0,2,2
170,0.25,0.5,1.0,2,2
170,0.25,0.75,0.3333333333333333,2,2
170,0.25,1.0,0.0,2,2
170,0.5,0.75,0.3333333333333333,2,2
170,0.5,1.0,0.0,2,2
170,0.75,1.0,0.3333333333333333,2,2
172,0.0,0.25,0.8333333333333334,6,5
172,0.0,0.5,0.8333333333333334,6,5
172,0.0,0.75,0.5714285714285714,6,5
172,0.0,1.0,0.5714285714285714,6,5
172,0.25,0.5,1.0,5,5
172,0.25,0.75,0.6666666666666666,5,5
172,0.25,1.0,0.6666666666666666,5,5
172,0.5,0.75,0.6666666666666666,5,5
172,0.5,1.0,0.6666666666666666,5,5
172,0.75,1.0,1.0,5,5
181,0.0,0.25,0.6153846153846154,12,9
181,0.0,0.5,0.6923076923076923,12,10
181,0.0,0.75,0.6923076923076923,12,10
181,0.0,1.0,0.5714285714285714,12,10
181,0.25,0.5,0.9,9,10
181,0.25,0.75,0.7272727272727273,9,10
181,0.25,1.0,0.5833333333333334,9,10
181,0.5,0.75,0.8181818181818182,10,10
181,0.5,1.0,0.6666666666666666,10,10
181,0.75,1.0,0.8181818181818182,10,10
186,0.0,0.25,0.75,4,3
186,0.0,0.5,0.4,4,3
186,0.0,0.75,0.0,4,1
186,0.0,1.0,0.0,4,1
186,0.25,0.5,0.5,3,3
186,0.25,0.75,0.0,3,1
186,0.25,1.0,0.0,3,1
186,0.5,0.75,0.0,3,1
186,0.5,1.0,0.0,3,1
186,0.75,1.0,1.0,1,1
188,0.0,0.25,0.5,4,2
188,0.0,0.5,0.5,4,2
188,0.0,0.75,0.5,4,2
188,0.0,1.0,0.5,4,2
188,0.25,0.5,1.0,2,2
188,0.25,0.75,1.0,2,2
188,0.25,1.0,1.0,2,2
188,0.5,0.75,1.0,2,2
188,0.5,1.0,1.0,2,2
188,0.75,1.0,1.0,2,2
192,0.0,0.25,0.75,8,6
192,0.0,0.5,0.3,8,5
192,0.0,0.75,0.09090909090909091,8,4
192,0.0,1.0,0.09090909090909091,8,4
192,0.25,0.5,0.375,6,5
192,0.25,0.75,0.1111111111111111,6,4
192,0.25,1.0,0.1111111111111111,6,4
192,0.5,0.75,0.5,5,4
192,0.5,1.0,0.5,5,4
192,0.75,1.0,1.0,4,4
193,0.0,0.25,0.36363636363636365,10,5
193,0.0,0.5,0.09090909090909091,10,2
193,0.0,0.75,0.09090909090909091,10,2
193,0.0,1.0,0.09090909090909091,10,2
193,0.25,0.5,0.4,5,2
193,0.25,0.75,0.4,5,2
193,0.25,1.0,0.4,5,2
193,0.5,0.75,1.0,2,2
193,0.5,1.0,1.0,2,2
193,0.75,1.0,1.0,2,2
215,0.0,0.25,0.6666666666666666,3,2
215,0.0,0.5,0.6666666666666666,3,2
215,0.0,0.75,0.6666666666666666,3,2
215,0.0,1.0,0.0,3,1
215,0.25,0.5,1.0,2,2
215,0.25,0.75,1.0,2,2
215,0.25,1.0,0.0,2,1
215,0.5,0.75,1.0,2,2
215,0.5,1.0,0.0,2,1
215,0.75,1.0,0.0,2,1
216,0.0,0.25,0.75,8,6
216,0.0,0.5,0.0,8,1
216,0.0,0.75,0.0,8,1
216,0.0,1.0,0.0,8,1
216,0.25,0.5,0.0,6,1
216,0.25,0.75,0.0,6,1
216,0.25,1.0,0.0,6,1
216,0.5,0.75,1.0,1,1
216,0.5,1.0,1.0,1,1
216,0.75,1.0,1.0,1,1
218,0.0,0.25,0.5714285714285714,6,5
218,0.0,0.5,0.0,6,2
218,0.0,0.75,0.0,6,1
218,0.0,1.0,0.0,6,1
218,0.25,0.5,0.16666666666666666,5,2
218,0.25,0.75,0.0,5,1
218,0.25,1.0,0.0,5,1
218,0.5,0.75,0.5,2,1
218,0.5,1.0,0.5,2,1
218,0.75,1.0,1.0,1,1
229,0.0,0.25,1.0,1,1
229,0.0,0.5,0.0,1,1
229,0.0,0.75,0.0,1,1
229,0.0,1.0,0.0,1,1
229,0.25,0.5,0.0,1,1
229,0.25,0.75,0.0,1,1
229,0.25,1.0,0.0,1,1
229,0.5,0.75,1.0,1,1
229,0.5,1.0,1.0,1,1
229,0.75,1.0,1.0,1,1
235,0.0,0.25,0.8,5,4
235,0.0,0.5,0.8,5,4
235,0.0,0.75,0.8,5,4
235,0.0,1.0,0.8,5,4
235,0.25,0.5,1.0,4,4
235,0.25,0.75,1.0,4,4
235,0.25,1.0,1.0,4,4
235,0.5,0.75,1.0,4,4
235,0.5,1.0,1.0,4,4
235,0.75,1.0,1.0,4,4
237,0.0,0.25,1.0,9,9
237,0.0,0.5,0.7777777777777778,9,7
237,0.0,0.75,0.4,9,5
237,0.0,1.0,0.4,9,5
237,0.25,0.5,0.7777777777777778,9,7
237,0.25,0.75,0.4,9,5
237,0.25,1.0,0.4,9,5
237,0.5,0.75,0.5,7,5
237,0.5,1.0,0.5,7,5
237,0.75,1.0,1.0,5,5
244,0.0,0.25,0.875,7,8
244,0.0,0.5,0.625,7,6
244,0.0,0.75,0.3333333333333333,7,5
244,0.0,1.0,0.3333333333333333,7,5
244,0.25,0.5,0.5555555555555556,8,6
244,0.25,0.75,0.4444444444444444,8,5
244,0.25,1.0,0.4444444444444444,8,5
244,0.5,0.75,0.5714285714285714,6,5
244,0.5,1.0,0.5714285714285714,6,5
244,0.75,1.0,1.0,5,5
251,0.0,0.25,0.8,9,9
251,0.0,0.5,0.8,9,9
251,0.0,0.75,0.5454545454545454,9,8
251,0.0,1.0,0.4166666666666667,9,8
251,0.25,0.5,1.0,9,9
251,0.25,0.75,0.7,9,8
251,0.25,1.0,0.5454545454545454,9,8
251,0.5,0.75,0.7,9,8
251,0.5,1.0,0.5454545454545454,9,8
251,0.75,1.0,0.7777777777777778,8,8
264,0.0,0.25,0.5,10,8
264,0.0,0.5,0.5,10,8
264,0.0,0.75,0.5833333333333334,10,9
264,0.0,1.0,0.5833333333333334,10,9
264,0.25,0.5,1.0,8,8
264,0.25,0.75,0.8888888888888888,8,9
264,0.25,1.0,0.8888888888888888,8,9
264,0.5,0.75,0.8888888888888888,8,9
264,0.5,1.0,0.8888888888888888,8,9
264,0.75,1.0,1.0,9,9
270,0.0,0.25,0.0,6,1
270,0.0,0.5,0.0,6,1
270,0.0,0.75,0.0,6,1
270,0.0,1.0,0.0,6,1
270,0.25,0.5,1.0,1,1
270,0.25,0.75,1.0,1,1
270,0.25,1.0,1.0,1,1
270,0.5,0.75,1.0,1,1
270,0.5,1.0,1.0,1,1
270,0.75,1.0,1.0,1,1
277,0.0,0.25,1.0,2,2
277,0.0,0.5,0.3333333333333333,2,2
277,0.0,0.75,0.0,2,1
277,0.0,1.0,0.0,2,1
277,0.25,0.5,0.3333333333333333,2,2
277,0.25,0.75,0.0,2,1
277,0.25,1.0,0.0,2,1
277,0.5,0.75,0.5,2,1
277,0.5,1.0,0.5,2,1
277,0.75,1.0,1.0,1,1
290,0.0,0.25,0.6666666666666666,5,5
290,0.0,0.5,0.2857142857142857,5,4
290,0.0,0.75,0.125,5,4
290,0.0,1.0,0.125,5,4
290,0.25,0.5,0.5,5,4
290,0.25,0.75,0.2857142857142857,5,4
290,0.25,1.0,0.2857142857142857,5,4
290,0.5,0.75,0.6,4,4
290,0.5,1.0,0.6,4,4
290,0.75,1.0,1.0,4,4
292,0.0,0.25,1.0,3,3
292,0.0,0.5,1.0,3,3
292,0.0,0.75,0.6666666666666666,3,2
292,0.0,1.0,0.6666666666666666,3,2
292,0.25,0.5,1.0,3,3
292,0.25,0.75,0.6666666666666666,3,2
292,0.25,1.0,0.6666666666666666,3,2
292,0.5,0.75,0.6666666666666666,3,2
292,0.5,1.0,0.6666666666666666,3,2
292,0.75,1.0,1.0,2,2
293,0.0,0.25,0.7142857142857143,6,6
293,0.0,0.5,0.375,6,5
293,0.0,0.75,0.25,6,4
293,0.0,1.0,0.25,6,4
293,0.25,0.5,0.5714285714285714,6,5
293,0.25,0.75,0.25,6,4
293,0.25,1.0,0.25,6,4
293,0.5,0.75,0.5,5,4
293,0.5,1.0,0.5,5,4
293,0.75,1.0,1.0,4,4
299,0.0,0.25,1.0,2,2
299,0.0,0.5,0.0,2,1
299,0.0,0.75,0.0,2,1
299,0.0,1.0,0.0,2,1
299,0.25,0.5,0.0,2,1
299,0.25,0.75,0.0,2,1
299,0.25,1.0,0.0,2,1
299,0.5,0.75,0.0,1,1
299,0.5,1.0,0.0,1,1
299,0.75,1.0,1.0,1,1
307,0.0,0.25,0.4444444444444444,7,6
307,0.0,0.5,0.3333333333333333,7,5
307,0.0,0.75,0.3333333333333333,7,5
307,0.0,1.0,0.2,7,5
307,0.25,0.5,0.5714285714285714,6,5
307,0.25,0.75,0.5714285714285714,6,5
307,0.25,1.0,0.5714285714285714,6,5
307,0.5,0.75,1.0,5,5
307,0.5,1.0,0.6666666666666666,5,5
307,0.75,1.0,0.6666666666666666,5,5
309,0.0,0.25,0.125,6,3
309,0.0,0.5,0.0,6,2
309,0.0,0.75,0.0,6,2
309,0.0,1.0,0.0,6,2
309,0.25,0.5,0.6666666666666666,3,2
309,0.25,0.75,0.6666666666666666,3,2
309,0.25,1.0,0.6666666666666666,3,2
309,0.5,0.75,1.0,2,2
309,0.5,1.0,1.0,2,2
309,0.75,1.0,1.0,2,2
310,0.0,0.25,0.8333333333333334,11,11
310,0.0,0.5,0.3076923076923077,11,6
310,0.0,0.75,0.23076923076923078,11,5
310,0.0,1.0,0.14285714285714285,11,5
310,0.25,0.5,0.4166666666666667,11,6
310,0.25,0.75,0.3333333333333333,11,5
310,0.25,1.0,0.23076923076923078,11,5
310,0.5,0.75,0.8333333333333334,6,5
310,0.5,1.0,0.5714285714285714,6,5
310,0.75,1.0,0.6666666666666666,5,5
322,0.0,0.25,0.2,4,2
322,0.0,0.5,0.0,4,1
322,0.0,0.75,0.0,4,1
322,0.0,1.0,0.0,4,1
322,0.25,0.5,0.5,2,1
322,0.25,0.75,0.5,2,1
322,0.25,1.0,0.5,2,1
322,0.5,0.75,1.0,1,1
322,0.5,1.0,1.0,1,1
322,0.75,1.0,1.0,1,1
323,0.0,0.25,0.6666666666666666,3,2
323,0.0,0.5,0.6666666666666666,3,2
323,0.0,0.75,0.6666666666666666,3,2
323,0.0,1.0,0.25,3,2
323,0.25,0.5,1.0,2,2
323,0.25,0.75,1.0,2,2
323,0.25,1.0,0.3333333333333333,2,2
323,0.5,0.75,1.0,2,2
323,0.5,1.0,0.3333333333333333,2,2
323,0.75,1.0,0.3333333333333333,2,2
332,0.0,0.25,0.16666666666666666,5,2
332,0.0,0.5,0.0,5,2
332,0.0,0.75,0.0,5,2
332,0.0,1.0,0.0,5,2
332,0.25,0.5,0.3333333333333333,2,2
332,0.25,0.75,0.3333333333333333,2,2
332,0.25,1.0,0.3333333333333333,2,2
332,0.5,0.75,1.0,2,2
332,0.5,1.0,0.3333333333333333,2,2
332,0.75,1.0,0.3333333333333333,2,2
333,0.0,0.25,1.0,10,10
333,0.0,0.5,0.5,10,8
333,0.0,0.75,0.0,10,2
333,0.0,1.0,0.0,10,2
333,0.25,0.5,0.5,10,8
333,0.25,0.75,0.0,10,2
333,0.25,1.0,0.0,10,2
333,0.5,0.75,0.25,8,2
333,0.5,1.0,0.25,8,2
333,0.75,1.0,1.0,2,2
335,0.0,0.25,0.5,7,5
335,0.0,0.5,0.3333333333333333,7,5
335,0.0,0.75,0.2222222222222222,7,4
335,0.0,1.0,0.0,7,2
335,0.25,0.5,0.6666666666666666,5,5
335,0.25,0.75,0.5,5,4
335,0.25,1.0,0.16666666666666666,5,2
335,0.5,0.75,0.8,5,4
335,0.5,1.0,0.16666666666666666,5,2
335,0.75,1.0,0.2,4,2
337,0.0,0.25,0.8,5,4
337,0.0,0.5,0.3333333333333333,5,3
337,0.0,0.75,0.0,5,1
337,0.0,1.0,0.0,5,1
337,0.25,0.5,0.4,4,3
337,0.25,0.75,0.0,4,1
337,0.25,1.0,0.0,4,1
337,0.5,0.75,0.0,3,1
337,0.5,1.0,0.0,3,1
337,0.75,1.0,1.0,1,1
340,0.0,0.25,0.42857142857142855,6,4
340,0.0,0.5,0.1111111111111111,6,4
340,0.0,0.75,0.0,6,3
340,0.0,1.0,0.0,6,2
340,0.25,0.5,0.3333333333333333,4,4
340,0.25,0.75,0.16666666666666666,4,3
340,0.25,1.0,0.2,4,2
340,0.5,0.75,0.75,4,3
340,0.5,1.0,0.2,4,2
340,0.75,1.0,0.25,3,2
344,0.0,0.25,0.5,5,4
344,0.0,0.5,0.16666666666666666,5,2
344,0.0,0.75,0.0,5,1
344,0.0,1.0,0.0,5,1
344,0.25,0.5,0.2,4,2
344,0.25,0.75,0.0,4,1
344,0.25,1.0,0.0,4,1
344,0.5,0.75,0.5,2,1
344,0.5,1.0,0.5,2,1
344,0.75,1.0,1.0,1,1
355,0.0,0.25,0.6,4,4
355,0.0,0.5,0.2,4,2
355,0.0,0.75,0.0,4,1
355,0.0,1.0,0.0,4,1
355,0.25,0.5,0.5,4,2
355,0.25,0.75,0.25,4,1
355,0.25,1.0,0.25,4,1
355,0.5,0.75,0.5,2,1
355,0.5,1.0,0.5,2,1
355,0.75,1.0,1.0,1,1
356,0.0,0.25,1.0,3,3
356,0.0,0.5,0.25,3,2
356,0.0,0.75,0.0,3,2
356,0.0,1.0,0.0,3,1
356,0.25,0.5,0.25,3,2
356,0.25,0.75,0.0,3,2
356,0.25,1.0,0.0,3,1
356,0.5,0.75,0.3333333333333333,2,2
356,0.5,1.0,0.0,2,1
356,0.75,1.0,0.5,2,1
361,0.0,0.25,0.3333333333333333,5,3
361,0.0,0.5,0.3333333333333333,5,3
361,0.0,0.75,0.0,5,2
361,0.0,1.0,0.0,5,2
361,0.25,0.5,1.0,3,3
361,0.25,0.75,0.25,3,2
361,0.25,1.0,0.25,3,2
361,0.5,0.75,0.25,3,2
361,0.5,1.0,0.25,3,2
361,0.75,1.0,1.0,2,2
375,0.0,0.25,0.9,10,9
375,0.0,0.5,0.5454545454545454,10,7
375,0.0,0.75,0.45454545454545453,10,6
375,0.0,1.0,0.3333333333333333,10,6
375,0.25,0.5,0.6,9,7
375,0.25,0.75,0.5,9,6
375,0.25,1.0,0.36363636363636365,9,6
375,0.5,0.75,0.625,7,6
375,0.5,1.0,0.625,7,6
375,0.75,1.0,0.7142857142857143,6,6
377,0.0,0.25,0.0,8,1
377,0.0,0.5,0.0,8,1
377,0.0,0.75,0.0,8,1
377,0.0,1.0,0.0,8,1
377,0.25,0.5,1.0,1,1
377,0.25,0.75,1.0,1,1
377,0.25,1.0,1.0,1,1
377,0.5,0.75,1.0,1,1
377,0.5,1.0,1.0,1,1
377,0.75,1.0,1.0,1,1
383,0.0,0.25,1.0,10,10
383,0.0,0.5,0.2727272727272727,10,4
383,0.0,0.75,0.09090909090909091,10,2
383,0.0,1.0,0.09090909090909091,10,2
383,0.25,0.5,0.2727272727272727,10,4
383,0.25,0.75,0.09090909090909091,10,2
383,0.25,1.0,0.09090909090909091,10,2
383,0.5,0.75,0.2,4,2
383,0.5,1.0,0.2,4,2
383,0.75,1.0,1.0,2,2
394,0.0,0.25,0.3333333333333333,5,3
394,0.0,0.5,0.0,5,2
394,0.0,0.75,0.0,5,2
394,0.0,1.0,0.0,5,2
394,0.25,0.5,0.25,3,2
394,0.25,0.75,0.25,3,2
394,0.25,1.0,0.25,3,2
394,0.5,0.75,1.0,2,2
394,0.5,1.0,1.0,2,2
394,0.75,1.0,1.0,2,2
402,0.0,0.25,1.0,3,3
402,0.0,0.5,0.25,3,2
402,0.0,0.75,0.0,3,2
402,0.0,1.0,0.0,3,2
402,0.25,0.5,0.25,3,2
402,0.25,0.75,0.0,3,2
402,0.25,1.0,0.0,3,2
402,0.5,0.75,0.3333333333333333,2,2
402,0.5,1.0,0.3333333333333333,2,2
402,0.75,1.0,1.0,2,2
407,0.0,0.25,0.8333333333333334,11,11
407,0.0,0.5,0.8333333333333334,11,11
407,0.0,0.75,0.75,11,10
407,0.0,1.0,0.5384615384615384,11,9
407,0.25,0.5,1.0,11,11
407,0.25,0.75,0.75,11,10
407,0.25,1.0,0.5384615384615384,11,9
407,0.5,0.75,0.75,11,10
407,0.5,1.0,0.5384615384615384,11,9
407,0.75,1.0,0.7272727272727273,10,9
408,0.0,0.25,1.0,4,4
408,0.0,0.5,0.4,4,3
408,0.0,0.75,0.2,4,2
408,0.0,1.0,0.2,4,2
408,0.25,0.5,0.4,4,3
408,0.25,0.75,0.2,4,2
408,0.25,1.0,0.2,4,2
408,0.5,0.75,0.25,3,2
408,0.5,1.0,0.25,3,2
408,0.75,1.0,0.3333333333333333,2,2
411,0.0,0.25,1.0,3,3
411,0.0,0.5,1.0,3,3
411,0.0,0.75,0.25,3,2
411,0.0,1.0,0.0,3,2
411,0.25,0.5,1.0,3,3
411,0.25,0.75,0.25,3,2
411,0.25,1.0,0.0,3,2
411,0.5,0.75,0.25,3,2
411,0.5,1.0,0.0,3,2
411,0.75,1.0,0.3333333333333333,2,2
421,0.0,0.25,0.7272727272727273,10,9
421,0.0,0.5,0.18181818181818182,10,3
421,0.0,0.75,0.0,10,1
421,0.0,1.0,0.0,10,1
421,0.25,0.5,0.2,9,3
421,0.25,0.75,0.0,9,1
421,0.25,1.0,0.0,9,1
421,0.5,0.75,0.3333333333333333,3,1
421,0.5,1.0,0.3333333333333333,3,1
421,0.75,1.0,1.0,1,1
424,0.0,0.25,0.6666666666666666,5,5
424,0.0,0.5,0.14285714285714285,5,3
424,0.0,0.75,0.14285714285714285,5,3
424,0.0,1.0,0.14285714285714285,5,3
424,0.25,0.5,0.3333333333333333,5,3
424,0.25,0.75,0.3333333333333333,5,3
424,0.25,1.0,0.3333333333333333,5,3
424,0.5,0.75,1.0,3,3
424,0.5,1.0,1.0,3,3
424,0.75,1.0,1.0,3,3
426,0.0,0.25,1.0,3,3
426,0.0,0.5,0.25,3,2
426,0.0,0.75,0.25,3,2
426,0.0,1.0,0.0,3,2
426,0.25,0.5,0.25,3,2
426,0.25,0.75,0.25,3,2
426,0.25,1.0,0.0,3,2
426,0.5,0.75,1.0,2,2
426,0.5,1.0,0.3333333333333333,2,2
426,0.75,1.0,0.3333333333333333,2,2
430,0.0,0.25,1.0,4,4
430,0.0,0.5,1.0,4,4
430,0.0,0.75,0.4,4,3
430,0.0,1.0,0.4,4,3
430,0.25,0.5,1.0,4,4
430,0.25,0.75,0.4,4,3
430,0.25,1.0,0.4,4,3
430,0.5,0.75,0.4,4,3
430,0.5,1.0,0.4,4,3
430,0.75,1.0,1.0,3,3
433,0.0,0.25,0.5,9,6
433,0.0,0.5,0.1,9,2
433,0.0,0.75,0.1,9,2
433,0.0,1.0,0.1,9,2
433,0.25,0.5,0.14285714285714285,6,2
433,0.25,0.75,0.14285714285714285,6,2
433,0.25,1.0,0.14285714285714285,6,2
433,0.5,0.75,1.0,2,2
433,0.5,1.0,1.0,2,2
433,0.75,1.0,1.0,2,2
438,0.0,0.25,0.4,4,3
438,0.0,0.5,0.4,4,3
438,0.0,0.75,0.16666666666666666,4,3
438,0.0,1.0,0.0,4,1
438,0.25,0.5,1.0,3,3
438,0.25,0.75,0.5,3,3
438,0.25,1.0,0.0,3,1
438,0.5,0.75,0.5,3,3
438,0.5,1.0,0.0,3,1
438,0.75,1.0,0.0,3,1
444,0.0,0.25,1.0,12,12
444,0.0,0.5,0.7692307692307693,12,11
444,0.0,0.75,0.7692307692307693,12,11
444,0.0,1.0,0.7692307692307693,12,11
444,0.25,0.5,0.7692307692307693,12,11
444,0.25,0.75,0.7692307692307693,12,11
444,0.25,1.0,0.7692307692307693,12,11
444,0.5,0.75,1.0,11,11
444,0.5,1.0,1.0,11,11
444,0.75,1.0,1.0,11,11
457,0.0,0.25,0.6666666666666666,8,7
457,0.0,0.5,0.5555555555555556,8,6
457,0.0,0.75,0.0,8,1
457,0.0,1.0,0.0,8,1
457,0.25,0.5,0.625,7,6
457,0.25,0.75,0.0,7,1
457,0.25,1.0,0.0,7,1
457,0.5,0.75,0.0,6,1
457,0.5,1.0,0.0,6,1
457,0.75,1.0,1.0,1,1
463,0.0,0.25,0.0,9,1
463,0.0,0.5,0.0,9,1
463,0.0,0.75,0.0,9,1
463,0.0,1.0,0.0,9,1
463,0.25,0.5,1.0,1,1
463,0.25,0.75,1.0,1,1
463,0.25,1.0,1.0,1,1
463,0.5,0.75,1.0,1,1
463,0.5,1.0,1.0,1,1
463,0.75,1.0,1.0,1,1
464,0.0,0.25,0.2,4,2
464,0.0,0.5,0.2,4,2
464,0.0,0.75,0.2,4,2
464,0.0,1.0,0.2,4,2
464,0.25,0.5,1.0,2,2
464,0.25,0.75,1.0,2,2
464,0.25,1.0,1.0,2,2
464,0.5,0.75,1.0,2,2
464,0.5,1.0,1.0,2,2
464,0.75,1.0,1.0,2,2
469,0.0,0.25,0.5,9,6
469,0.0,0.5,0.2727272727272727,9,5
469,0.0,0.75,0.09090909090909091,9,3
469,0.0,1.0,0.0,9,3
469,0.25,0.5,0.5714285714285714,6,5
469,0.25,0.75,0.2857142857142857,6,3
469,0.25,1.0,0.125,6,3
469,0.5,0.75,0.6,5,3
469,0.5,1.0,0.3333333333333333,5,3
469,0.75,1.0,0.5,3,3
471,0.0,0.25,0.7,9,8
471,0.0,0.5,0.18181818181818182,9,4
471,0.0,0.75,0.18181818181818182,9,4
471,0.0,1.0,0.18181818181818182,9,4
471,0.25,0.5,0.3333333333333333,8,4
471,0.25,0.75,0.3333333333333333,8,4
471,0.25,1.0,0.3333333333333333,8,4
471,0.5,0.75,1.0,4,4
471,0.5,1.0,1.0,4,4
471,0.75,1.0,1.0,4,4
501,0.0,0.25,0.5,2,1
501,0.0,0.5,0.5,2,1
501,0.0,0.75,0.0,2,1
501,0.0,1.0,0.0,2,1
501,0.25,0.5,1.0,1,1
501,0.25,0.75,0.0,1,1
501,0.25,1.0,0.0,1,1
501,0.5,0.75,0.0,1,1
501,0.5,1.0,0.0,1,1
501,0.75,1.0,1.0,1,1
508,0.0,0.25,1.0,13,13
508,0.0,0.5,0.35714285714285715,13,6
508,0.0,0.75,0.0,13,2
508,0.0,1.0,0.0,13,2
508,0.25,0.5,0.35714285714285715,13,6
508,0.25,0.75,0.0,13,2
508,0.25,1.0,0.0,13,2
508,0.5,0.75,0.14285714285714285,6,2
508,0.5,1.0,0.14285714285714285,6,2
508,0.75,1.0,1.0,2,2
515,0.0,0.25,0.7,9,8
515,0.0,0.5,0.36363636363636365,9,6
515,0.0,0.75,0.18181818181818182,9,4
515,0.0,1.0,0.08333333333333333,9,4
515,0.25,0.5,0.5555555555555556,8,6
515,0.25,0.75,0.3333333333333333,8,4
515,0.25,1.0,0.2,8,4
515,0.5,0.75,0.6666666666666666,6,4
515,0.5,1.0,0.42857142857142855,6,4
515,0.75,1.0,0.6,4,4
516,0.0,0.25,0.5454545454545454,9,8
516,0.0,0.5,0.3333333333333333,9,7
516,0.0,0.75,0.15384615384615385,9,6
516,0.0,1.0,0.15384615384615385,9,6
516,0.25,0.5,0.6666666666666666,8,7
516,0.25,0.75,0.4,8,6
516,0.25,1.0,0.4,8,6
516,0.5,0.75,0.625,7,6
516,0.5,1.0,0.625,7,6
516,0.75,1.0,1.0,6,6
533,0.0,0.25,1.0,2,2
533,0.0,0.5,1.0,2,2
533,0.0,0.75,1.0,2,2
533,0.0,1.0,1.0,2,2
533,0.25,0.5,1.0,2,2
533,0.25,0.75,1.0,2,2
533,0.25,1.0,1.0,2,2
533,0.5,0.75,1.0,2,2
533,0.5,1.0,1.0,2,2
533,0.75,1.0,1.0,2,2
536,0.0,0.25,0.7272727272727273,10,9
536,0.0,0.5,0.6363636363636364,10,8
536,0.0,0.75,0.5454545454545454,10,7
536,0.0,1.0,0.5454545454545454,10,7
536,0.25,0.5,0.7,9,8
536,0.25,0.75,0.6,9,7
536,0.25,1.0,0.6,9,7
536,0.5,0.75,0.875,8,7
536,0.5,1.0,0.875,8,7
536,0.75,1.0,1.0,7,7
537,0.0,0.25,0.7777777777777778,8,8
537,0.0,0.5,0.4444444444444444,8,5
537,0.0,0.75,0.3333333333333333,8,4
537,0.0,1.0,0.2,8,4
537,0.25,0.5,0.4444444444444444,8,5
537,0.25,0.75,0.3333333333333333,8,4
537,0.25,1.0,0.2,8,4
537,0.5,0.75,0.8,5,4
537,0.5,1.0,0.5,5,4
537,0.75,1.0,0.6,4,4
541,0.0,0.25,0.0,6,1
541,0.0,0.5,0.0,6,1
541,0.0,0.75,0.0,6,1
541,0.0,1.0,0.0,6,1
541,0.25,0.5,0.0,1,1
541,0.25,0.75,0.0,1,1
541,0.25,1.0,0.0,1,1
541,0.5,0.75,1.0,1,1
541,0.5,1.0,1.0,1,1
541,0.75,1.0,1.0,1,1
543,0.0,0.25,0.4,4,3
543,0.0,0.5,0.4,4,3
543,0.0,0.75,0.16666666666666666,4,3
543,0.0,1.0,0.2,4,2
543,0.25,0.5,1.0,3,3
543,0.25,0.75,0.5,3,3
543,0.25,1.0,0.25,3,2
543,0.5,0.75,0.5,3,3
543,0.5,1.0,0.25,3,2
543,0.75,1.0,0.25,3,2
545,0.0,0.25,0.16666666666666666,4,3
545,0.0,0.5,0.16666666666666666,4,3
545,0.0,0.75,0.16666666666666666,4,3
545,0.0,1.0,0.16666666666666666,4,3
545,0.25,0.5,1.0,3,3
545,0.25,0.75,0.5,3,3
545,0.25,1.0,0.5,3,3
545,0.5,0.75,0.5,3,3
545,0.5,1.0,0.5,3,3
545,0.75,1.0,0.5,3,3
547,0.0,0.25,1.0,2,2
547,0.0,0.5,0.3333333333333333,2,2
547,0.0,0.75,0.3333333333333333,2,2
547,0.0,1.0,0.3333333333333333,2,2
547,0.25,0.5,0.3333333333333333,2,2
547,0.25,0.75,0.3333333333333333,2,2
547,0.25,1.0,0.3333333333333333,2,2
547,0.5,0.75,1.0,2,2
547,0.5,1.0,1.0,2,2
547,0.75,1.0,1.0,2,2
570,0.0,0.25,0.5454545454545454,10,7
570,0.0,0.5,0.16666666666666666,10,4
570,0.0,0.75,0.08333333333333333,10,3
570,0.0,1.0,0.08333333333333333,10,3
570,0.25,0.5,0.375,7,4
570,0.25,0.75,0.25,7,3
570,0.25,1.0,0.25,7,3
570,0.5,0.75,0.75,4,3
570,0.5,1.0,0.75,4,3
570,0.75,1.0,1.0,3,3
571,0.0,0.25,0.0,5,1
571,0.0,0.5,0.0,5,1
571,0.0,0.75,0.0,5,1
571,0.0,1.0,0.0,5,1
571,0.25,0.5,1.0,1,1
571,0.25,0.75,1.0,1,1
571,0.25,1.0,1.0,1,1
571,0.5,0.75,1.0,1,1
571,0.5,1.0,1.0,1,1
571,0.75,1.0,1.0,1,1
580,0.0,0.25,0.4,4,3
580,0.0,0.5,0.4,4,3
580,0.0,0.75,0.4,4,3
580,0.0,1.0,0.4,4,3
580,0.25,0.5,1.0,3,3
580,0.25,0.75,1.0,3,3
580,0.25,1.0,1.0,3,3
580,0.5,0.75,1.0,3,3
580,0.5,1.0,1.0,3,3
580,0.75,1.0,1.0,3,3
586,0.0,0.25,0.6666666666666666,5,5
586,0.0,0.5,0.25,5,5
586,0.0,0.75,0.125,5,4
586,0.0,1.0,0.125,5,4
586,0.25,0.5,0.42857142857142855,5,5
586,0.25,0.75,0.2857142857142857,5,4
586,0.25,1.0,0.2857142857142857,5,4
586,0.5,0.75,0.8,5,4
586,0.5,1.0,0.8,5,4
586,0.75,1.0,1.0,4,4
588,0.0,0.25,0.8,5,4
588,0.0,0.5,0.5,5,4
588,0.0,0.75,0.125,5,4
588,0.0,1.0,0.0,5,3
588,0.25,0.5,0.6,4,4
588,0.25,0.75,0.14285714285714285,4,4
588,0.25,1.0,0.0,4,3
588,0.5,0.75,0.3333333333333333,4,4
588,0.5,1.0,0.0,4,3
588,0.75,1.0,0.4,4,3
589,0.0,0.25,0.8333333333333334,6,5
589,0.0,0.5,0.14285714285714285,6,2
589,0.0,0.75,0.14285714285714285,6,2
589,0.0,1.0,0.0,6,1
589,0.25,0.5,0.16666666666666666,5,2
589,0.25,0.75,0.16666666666666666,5,2
589,0.25,1.0,0.0,5,1
589,0.5,0.75,1.0,2,2
589,0.5,1.0,0.0,2,1
589,0.75,1.0,0.0,2,1
592,0.0,0.25,0.6,8,8
592,0.0,0.5,0.6,8,8
592,0.0,0.75,0.25,8,7
592,0.0,1.0,0.25,8,7
592,0.25,0.5,1.0,8,8
592,0.25,0.75,0.5,8,7
592,0.25,1.0,0.5,8,7
592,0.5,0.75,0.5,8,7
592,0.5,1.0,0.5,8,7
592,0.75,1.0,1.0,7,7
603,0.0,0.25,0.875,8,7
603,0.0,0.5,0.5555555555555556,8,6
603,0.0,0.75,0.4444444444444444,8,5
603,0.0,1.0,0.4444444444444444,8,5
603,0.25,0.5,0.625,7,6
603,0.25,0.75,0.5,7,5
603,0.25,1.0,0.5,7,5
603,0.5,0.75,0.8333333333333334,6,5
603,0.5,1.0,0.8333333333333334,6,5
603,0.75,1.0,1.0,5,5
609,0.0,0.25,0.3,8,5
609,0.0,0.5,0.0,8,1
609,0.0,0.75,0.0,8,1
609,0.0,1.0,0.0,8,1
609,0.25,0.5,0.0,5,1
609,0.25,0.75,0.0,5,1
609,0.25,1.0,0.0,5,1
609,0.5,0.75,1.0,1,1
609,0.5,1.0,1.0,1,1
609,0.75,1.0,1.0,1,1
614,0.0,0.25,0.5555555555555556,8,6
614,0.0,0.5,0.3,8,5
614,0.0,0.75,0.2,8,4
614,0.0,1.0,0.2,8,4
614,0.25,0.5,0.5714285714285714,6,5
614,0.25,0.75,0.42857142857142855,6,4
614,0.25,1.0,0.42857142857142855,6,4
614,0.5,0.75,0.8,5,4
614,0.5,1.0,0.8,5,4
614,0.75,1.0,1.0,4,4
621,0.0,0.25,0.625,7,6
621,0.0,0.5,0.2222222222222222,7,4
621,0.0,0.75,0.1,7,4
621,0.0,1.0,0.1111111111111111,7,3
621,0.25,0.5,0.42857142857142855,6,4
621,0.25,0.75,0.25,6,4
621,0.25,1.0,0.2857142857142857,6,3
621,0.5,0.75,0.6,4,4
621,0.5,1.0,0.4,4,3
621,0.75,1.0,0.75,4,3
633,0.0,0.25,0.4,4,3
633,0.0,0.5,0.4,4,3
633,0.0,0.75,0.4,4,3
633,0.0,1.0,0.4,4,3
633,0.25,0.5,1.0,3,3
633,0.25,0.75,1.0,3,3
633,0.25,1.0,1.0,3,3
633,0.5,0.75,1.0,3,3
633,0.5,1.0,1.0,3,3
633,0.75,1.0,1.0,3,3
635,0.0,0.25,1.0,7,7
635,0.0,0.5,0.5,7,5
635,0.0,0.75,0.0,7,2
635,0.0,1.0,0.0,7,2
635,0.25,0.5,0.5,7,5
635,0.25,0.75,0.0,7,2
635,0.25,1.0,0.0,7,2
635,0.5,0.75,0.16666666666666666,5,2
635,0.5,1.0,0.0,5,2
635,0.75,1.0,0.3333333333333333,2,2
636,0.0,0.25,0.5,4,2
636,0.0,0.5,0.5,4,2
636,0.0,0.75,0.5,4,2
636,0.0,1.0,0.0,4,1
636,0.25,0.5,1.0,2,2
636,0.25,0.75,1.0,2,2
636,0.25,1.0,0.0,2,1
636,0.5,0.75,1.0,2,2
636,0.5,1.0,0.0,2,1
636,0.75,1.0,0.0,2,1
639,0.0,0.25,0.5,5,4
639,0.0,0.5,0.5,5,4
639,0.0,0.75,0.5,5,4
639,0.0,1.0,0.5,5,4
639,0.25,0.5,1.0,4,4
639,0.25,0.75,1.0,4,4
639,0.25,1.0,1.0,4,4
639,0.5,0.75,1.0,4,4
639,0.5,1.0,1.0,4,4
639,0.75,1.0,1.0,4,4
647,0.0,0.25,1.0,1,1
647,0.0,0.5,1.0,1,1
647,0.0,0.75,1.0,1,1
647,0.0,1.0,0.0,1,1
647,0.25,0.5,1.0,1,1
647,0.25,0.75,1.0,1,1
647,0.25,1.0,0.0,1,1
647,0.5,0.75,1.0,1,1
647,0.5,1.0,0.0,1,1
647,0.75,1.0,0.0,1,1
651,0.0,0.25,0.2857142857142857,6,3
651,0.0,0.5,0.2857142857142857,6,3
651,0.0,0.75,0.0,6,2
651,0.0,1.0,0.0,6,1
651,0.25,0.5,1.0,3,3
651,0.25,0.75,0.25,3,2
651,0.25,1.0,0.0,3,1
651,0.5,0.75,0.25,3,2
651,0.5,1.0,0.0,3,1
651,0.75,1.0,0.5,2,1
659,0.0,0.25,1.0,2,2
659,0.0,0.5,0.3333333333333333,2,2
659,0.0,0.75,0.0,2,1
659,0.0,1.0,0.0,2,1
659,0.25,0.5,0.3333333333333333,2,2
659,0.25,0.75,0.0,2,1
659,0.25,1.0,0.0,2,1
659,0.5,0.75,0.0,2,1
659,0.5,1.0,0.0,2,1
659,0.75,1.0,1.0,1,1
663,0.0,0.25,0.6,4,4
663,0.0,0.5,0.2,4,2
663,0.0,0.75,0.0,4,2
663,0.0,1.0,0.0,4,2
663,0.25,0.5,0.2,4,2
663,0.25,0.75,0.0,4,2
663,0.25,1.0,0.0,4,2
663,0.5,0.75,0.3333333333333333,2,2
663,0.5,1.0,0.3333333333333333,2,2
663,0.75,1.0,1.0,2,2
671,0.0,0.25,0.7777777777777778,8,8
671,0.0,0.5,0.0,8,2
671,0.0,0.75,0.0,8,2
671,0.0,1.0,0.0,8,2
671,0.25,0.5,0.0,8,2
671,0.25,0.75,0.0,8,2
671,0.25,1.0,0.0,8,2
671,0.5,0.75,1.0,2,2
671,0.5,1.0,1.0,2,2
671,0.75,1.0,1.0,2,2
675,0.0,0.25,0.4,4,3
675,0.0,0.5,0.2,4,2
675,0.0,0.75,0.0,4,1
675,0.0,1.0,0.0,4,1
675,0.25,0.5,0.6666666666666666,3,2
675,0.25,0.75,0.0,3,1
675,0.25,1.0,0.0,3,1
675,0.5,0.75,0.0,2,1
675,0.5,1.0,0.0,2,1
675,0.75,1.0,1.0,1,1
688,0.0,0.25,0.8,9,9
688,0.0,0.5,0.6,9,7
688,0.0,0.75,0.0,9,1
688,0.0,1.0,0.0,9,1
688,0.25,0.5,0.6,9,7
688,0.25,0.75,0.0,9,1
688,0.25,1.0,0.0,9,1
688,0.5,0.75,0.14285714285714285,7,1
688,0.5,1.0,0.14285714285714285,7,1
688,0.75,1.0,1.0,1,1
692,0.0,0.25,0.8888888888888888,9,8
692,0.0,0.5,0.4,9,5
692,0.0,0.75,0.1,9,2
692,0.0,1.0,0.0,9,1
692,0.25,0.5,0.4444444444444444,8,5
692,0.25,0.75,0.1111111111111111,8,2
692,0.25,1.0,0.0,8,1
692,0.5,0.75,0.16666666666666666,5,2
692,0.5,1.0,0.0,5,1
692,0.75,1.0,0.5,2,1
697,0.0,0.25,0.5,5,4
697,0.0,0.5,0.2857142857142857,5,4
697,0.0,0.75,0.2857142857142857,5,4
697,0.0,1.0,0.2857142857142857,5,4
697,0.25,0.5,0.6,4,4
697,0.25,0.75,0.6,4,4
697,0.25,1.0,0.6,4,4
697,0.5,0.75,1.0,4,4
697,0.5,1.0,1.0,4,4
697,0.75,1.0,1.0,4,4
709,0.0,0.25,0.625,7,6
709,0.0,0.5,0.5,7,5
709,0.0,0.75,0.3333333333333333,7,5
709,0.0,1.0,0.1,7,4
709,0.25,0.5,0.5714285714285714,6,5
709,0.25,0.75,0.375,6,5
709,0.25,1.0,0.1111111111111111,6,4
709,0.5,0.75,0.6666666666666666,5,5
709,0.5,1.0,0.2857142857142857,5,4
709,0.75,1.0,0.5,5,4
712,0.0,0.25,0.6666666666666666,8,7
712,0.0,0.5,0.4,8,6
712,0.0,0.75,0.0,8,1
712,0.0,1.0,0.0,8,1
712,0.25,0.5,0.625,7,6
712,0.25,0.75,0.0,7,1
712,0.25,1.0,0.0,7,1
712,0.5,0.75,0.0,6,1
712,0.5,1.0,0.0,6,1
712,0.75,1.0,1.0,1,1
713,0.0,0.25,1.0,16,16
713,0.0,0.5,1.0,16,16
713,0.0,0.75,1.0,16,16
713,0.0,1.0,0.5,16,8
713,0.25,0.5,1.0,16,16
713,0.25,0.75,1.0,16,16
713,0.25,1.0,0.5,16,8
713,0.5,0.75,1.0,16,16
713,0.5,1.0,0.5,16,8
713,0.75,1.0,0.5,16,8
714,0.0,0.25,0.6,4,4
714,0.0,0.5,0.4,4,3
714,0.0,0.75,0.16666666666666666,4,3
714,0.0,1.0,0.0,4,3
714,0.25,0.5,0.75,4,3
714,0.25,0.75,0.4,4,3
714,0.25,1.0,0.16666666666666666,4,3
714,0.5,0.75,0.5,3,3
714,0.5,1.0,0.2,3,3
714,0.75,1.0,0.5,3,3
719,0.0,0.25,1.0,1,1
719,0.0,0.5,1.0,1,1
719,0.0,0.75,0.0,1,1
719,0.0,1.0,0.0,1,1
719,0.25,0.5,1.0,1,1
719,0.25,0.75,0.0,1,1
719,0.25,1.0,0.0,1,1
719,0.5,0.75,0.0,1,1
719,0.5,1.0,0.0,1,1
719,0.75,1.0,1.0,1,1
725,0.0,0.25,0.2857142857142857,5,4
725,0.0,0.5,0.2857142857142857,5,4
725,0.0,0.75,0.125,5,4
725,0.0,1.0,0.0,5,4
725,0.25,0.5,0.3333333333333333,4,4
725,0.25,0.75,0.3333333333333333,4,4
725,0.25,1.0,0.3333333333333333,4,4
725,0.5,0.75,0.6,4,4
725,0.5,1.0,0.3333333333333333,4,4
725,0.75,1.0,0.6,4,4
726,0.0,0.25,0.5555555555555556,8,6
726,0.0,0.5,0.3,8,5
726,0.0,0.75,0.18181818181818182,8,5
726,0.0,1.0,0.18181818181818182,8,5
726,0.25,0.5,0.5714285714285714,6,5
726,0.25,0.75,0.375,6,5
726,0.25,1.0,0.375,6,5
726,0.5,0.75,0.6666666666666666,5,5
726,0.5,1.0,0.6666666666666666,5,5
726,0.75,1.0,0.6666666666666666,5,5
728,0.0,0.25,0.6363636363636364,9,9
728,0.0,0.5,0.4166666666666667,9,8
728,0.0,0.75,0.23076923076923078,9,7
728,0.0,1.0,0.14285714285714285,9,7
728,0.25,0.5,0.7,9,8
728,0.25,0.75,0.45454545454545453,9,7
728,0.25,1.0,0.3333333333333333,9,7
728,0.5,0.75,0.6666666666666666,8,7
728,0.5,1.0,0.5,8,7
728,0.75,1.0,0.75,7,7
737,0.0,0.25,1.0,4,4
737,0.0,0.5,0.6,4,4
737,0.0,0.75,0.4,4,3
737,0.0,1.0,0.16666666666666666,4,3
737,0.25,0.5,0.6,4,4
737,0.25,0.75,0.4,4,3
737,0.25,1.0,0.16666666666666666,4,3
737,0.5,0.75,0.75,4,3
737,0.5,1.0,0.4,4,3
737,0.75,1.0,0.5,3,3
744,0.0,0.25,0.4,4,3
744,0.0,0.5,0.2,4,2
744,0.0,0.75,0.2,4,2
744,0.0,1.0,0.2,4,2
744,0.25,0.5,0.6666666666666666,3,2
744,0.25,0.75,0.6666666666666666,3,2
744,0.25,1.0,0.6666666666666666,3,2
744,0.5,0.75,1.0,2,2
744,0.5,1.0,1.0,2,2
744,0.75,1.0,1.0,2,2
754,0.0,0.25,0.75,7,7
754,0.0,0.5,0.4444444444444444,7,6
754,0.0,0.75,0.3333333333333333,7,5
754,0.0,1.0,0.2,7,5
754,0.25,0.5,0.625,7,6
754,0.25,0.75,0.5,7,5
754,0.25,1.0,0.3333333333333333,7,5
754,0.5,0.75,0.8333333333333334,6,5
754,0.5,1.0,0.5714285714285714,6,5
754,0.75,1.0,0.6666666666666666,5,5
759,0.0,0.25,1.0,6,6
759,0.0,0.5,0.42857142857142855,6,4
759,0.0,0.75,0.0,6,1
759,0.0,1.0,0.0,6,1
759,0.25,0.5,0.42857142857142855,6,4
759,0.25,0.75,0.0,6,1
759,0.25,1.0,0.0,6,1
759,0.5,0.75,0.25,4,1
759,0.5,1.0,0.25,4,1
759,0.75,1.0,1.0,1,1
763,0.0,0.25,1.0,6,6
763,0.0,0.5,1.0,6,6
763,0.0,0.75,0.42857142857142855,6,4
763,0.0,1.0,0.2857142857142857,6,3
763,0.25,0.5,1.0,6,6
763,0.25,0.75,0.42857142857142855,6,4
763,0.25,1.0,0.2857142857142857,6,3
763,0.5,0.75,0.42857142857142855,6,4
763,0.5,1.0,0.2857142857142857,6,3
763,0.75,1.0,0.75,4,3
771,0.0,0.25,0.8,9,9
771,0.0,0.5,0.5,9,9
771,0.0,0.75,0.4166666666666667,9,8
771,0.0,1.0,0.15384615384615385,9,6
771,0.25,0.5,0.6363636363636364,9,9
771,0.25,0.75,0.5454545454545454,9,8
771,0.25,1.0,0.25,9,6
771,0.5,0.75,0.8888888888888888,9,8
771,0.5,1.0,0.5,9,6
771,0.75,1.0,0.5555555555555556,8,6
773,0.0,0.25,1.0,2,2
773,0.0,0.5,0.3333333333333333,2,2
773,0.0,0.75,0.3333333333333333,2,2
773,0.0,1.0,0.0,2,1
773,0.25,0.5,0.3333333333333333,2,2
773,0.25,0.75,0.3333333333333333,2,2
773,0.25,1.0,0.0,2,1
773,0.5,0.75,1.0,2,2
773,0.5,1.0,0.0,2,1
773,0.75,1.0,0.0,2,1
775,0.0,0.25,1.0,10,10
775,0.0,0.5,0.1,10,1
775,0.0,0.75,0.0,10,1
775,0.0,1.0,0.0,10,1
775,0.25,0.5,0.1,10,1
775,0.25,0.75,0.0,10,1
775,0.25,1.0,0.0,10,1
775,0.5,0.75,0.0,1,1
775,0.5,1.0,0.0,1,1
775,0.75,1.0,1.0,1,1
784,0.0,0.25,0.6666666666666666,9,6
784,0.0,0.5,0.09090909090909091,9,3
784,0.0,0.75,0.09090909090909091,9,3
784,0.0,1.0,0.09090909090909091,9,3
784,0.25,0.5,0.125,6,3
784,0.25,0.75,0.125,6,3
784,0.25,1.0,0.125,6,3
784,0.5,0.75,1.0,3,3
784,0.5,1.0,1.0,3,3
784,0.75,1.0,1.0,3,3
796,0.0,0.25,0.6666666666666666,3,2
796,0.0,0.5,0.6666666666666666,3,2
796,0.0,0.75,0.25,3,2
796,0.0,1.0,0.25,3,2
796,0.25,0.5,1.0,2,2
796,0.25,0.75,0.3333333333333333,2,2
796,0.25,1.0,0.3333333333333333,2,2
796,0.5,0.75,0.3333333333333333,2,2
796,0.5,1.0,0.3333333333333333,2,2
796,0.75,1.0,1.0,2,2
800,0.0,0.25,1.0,5,5
800,0.0,0.5,0.16666666666666666,5,2
800,0.0,0.75,0.16666666666666666,5,2
800,0.0,1.0,0.0,5,2
800,0.25,0.5,0.16666666666666666,5,2
800,0.25,0.75,0.16666666666666666,5,2
800,0.25,1.0,0.0,5,2
800,0.5,0.75,1.0,2,2
800,0.5,1.0,0.3333333333333333,2,2
800,0.75,1.0,0.3333333333333333,2,2
801,0.0,0.25,0.7,9,8
801,0.0,0.5,0.6,9,7
801,0.0,0.75,0.36363636363636365,9,6
801,0.0,1.0,0.25,9,6
801,0.25,0.5,0.875,8,7
801,0.25,0.75,0.5555555555555556,8,6
801,0.25,1.0,0.4,8,6
801,0.5,0.75,0.625,7,6
801,0.5,1.0,0.4444444444444444,7,6
801,0.75,1.0,0.7142857142857143,6,6
807,0.0,0.25,1.0,5,5
807,0.0,0.5,0.16666666666666666,5,2
807,0.0,0.75,0.16666666666666666,5,2
807,0.0,1.0,0.0,5,1
807,0.25,0.5,0.16666666666666666,5,2
807,0.25,0.75,0.16666666666666666,5,2
807,0.25,1.0,0.0,5,1
807,0.5,0.75,1.0,2,2
807,0.5,1.0,0.0,2,1
807,0.75,1.0,0.0,2,1
810,0.0,0.25,1.0,3,3
810,0.0,0.5,1.0,3,3
810,0.0,0.75,0.5,3,3
810,0.0,1.0,0.25,3,2
810,0.25,0.5,1.0,3,3
810,0.25,0.75,0.5,3,3
810,0.25,1.0,0.25,3,2
810,0.5,0.75,0.5,3,3
810,0.5,1.0,0.25,3,2
810,0.75,1.0,0.25,3,2
814,0.0,0.25,1.0,6,6
814,0.0,0.5,1.0,6,6
814,0.0,0.75,1.0,6,6
814,0.0,1.0,0.7142857142857143,6,6
814,0.25,0.5,1.0,6,6
814,0.25,0.75,1.0,6,6
814,0.25,1.0,0.7142857142857143,6,6
814,0.5,0.75,1.0,6,6
814,0.5,1.0,0.7142857142857143,6,6
814,0.75,1.0,0.7142857142857143,6,6
821,0.0,0.25,0.7142857142857143,6,6
821,0.0,0.5,0.5,6,6
821,0.0,0.75,0.2222222222222222,6,5
821,0.0,1.0,0.2222222222222222,6,5
821,0.25,0.5,0.7142857142857143,6,6
821,0.25,0.75,0.375,6,5
821,0.25,1.0,0.375,6,5
821,0.5,0.75,0.5714285714285714,6,5
821,0.5,1.0,0.375,6,5
821,0.75,1.0,0.6666666666666666,5,5
831,0.0,0.25,0.8571428571428571,13,13
831,0.0,0.5,0.4,13,8
831,0.0,0.75,0.3333333333333333,13,7
831,0.0,1.0,0.3333333333333333,13,7
831,0.25,0.5,0.5,13,8
831,0.25,0.75,0.42857142857142855,13,7
831,0.25,1.0,0.42857142857142855,13,7
831,0.5,0.75,0.875,8,7
831,0.5,1.0,0.6666666666666666,8,7
831,0.75,1.0,0.75,7,7
840,0.0,0.25,0.7,9,8
840,0.0,0.5,0.7,9,8
840,0.0,0.75,0.5454545454545454,9,8
840,0.0,1.0,0.45454545454545453,9,7
840,0.25,0.5,1.0,8,8
840,0.25,0.75,0.7777777777777778,8,8
840,0.25,1.0,0.6666666666666666,8,7
840,0.5,0.75,0.7777777777777778,8,8
840,0.5,1.0,0.6666666666666666,8,7
840,0.75,1.0,0.875,8,7
843,0.0,0.25,0.3333333333333333,5,3
843,0.0,0.5,0.3333333333333333,5,3
843,0.0,0.75,0.16666666666666666,5,2
843,0.0,1.0,0.0,5,1
843,0.25,0.5,1.0,3,3
843,0.25,0.75,0.6666666666666666,3,2
843,0.25,1.0,0.0,3,1
843,0.5,0.75,0.6666666666666666,3,2
843,0.5,1.0,0.0,3,1
843,0.75,1.0,0.0,2,1
845,0.0,0.25,1.0,2,2
845,0.0,0.5,0.3333333333333333,2,2
845,0.0,0.75,0.3333333333333333,2,2
845,0.0,1.0,0.3333333333333333,2,2
845,0.25,0.5,0.3333333333333333,2,2
845,0.25,0.75,0.3333333333333333,2,2
845,0.25,1.0,0.3333333333333333,2,2
845,0.5,0.75,1.0,2,2
845,0.5,1.0,1.0,2,2
845,0.75,1.0,1.0,2,2
854,0.0,0.25,0.7142857142857143,6,6
854,0.0,0.5,0.2857142857142857,6,3
854,0.0,0.75,0.14285714285714285,6,2
854,0.0,1.0,0.14285714285714285,6,2
854,0.25,0.5,0.2857142857142857,6,3
854,0.25,0.75,0.14285714285714285,6,2
854,0.25,1.0,0.14285714285714285,6,2
854,0.5,0.75,0.6666666666666666,3,2
854,0.5,1.0,0.6666666666666666,3,2
854,0.75,1.0,1.0,2,2
855,0.0,0.25,0.375,6,5
855,0.0,0.5,0.375,6,5
855,0.0,0.75,0.375,6,5
855,0.0,1.0,0.375,6,5
855,0.25,0.5,1.0,5,5
855,0.25,0.75,1.0,5,5
855,0.25,1.0,0.6666666666666666,5,5
855,0.5,0.75,1.0,5,5
855,0.5,1.0,0.6666666666666666,5,5
855,0.75,1.0,0.6666666666666666,5,5
856,0.0,0.25,0.5833333333333334,11,8
856,0.0,0.5,0.4166666666666667,11,6
856,0.0,0.75,0.0,11,2
856,0.0,1.0,0.0,11,3
856,0.25,0.5,0.75,8,6
856,0.25,0.75,0.1111111111111111,8,2
856,0.25,1.0,0.1,8,3
856,0.5,0.75,0.14285714285714285,6,2
856,0.5,1.0,0.125,6,3
856,0.75,1.0,0.6666666666666666,2,3
862,0.0,0.25,0.9090909090909091,10,11
862,0.0,0.5,0.6666666666666666,10,10
862,0.0,0.75,0.21428571428571427,10,7
862,0.0,1.0,0.21428571428571427,10,7
862,0.25,0.5,0.75,11,10
862,0.25,0.75,0.2857142857142857,11,7
862,0.25,1.0,0.2857142857142857,11,7
862,0.5,0.75,0.4166666666666667,10,7
862,0.5,1.0,0.4166666666666667,10,7
862,0.75,1.0,1.0,7,7
863,0.0,0.25,0.2857142857142857,5,4
863,0.0,0.5,0.0,5,3
863,0.0,0.75,0.0,5,3
863,0.0,1.0,0.0,5,3
863,0.25,0.5,0.4,4,3
863,0.25,0.75,0.4,4,3
863,0.25,1.0,0.4,4,3
863,0.5,0.75,1.0,3,3
863,0.5,1.0,1.0,3,3
863,0.75,1.0,1.0,3,3
875,0.0,0.25,0.2857142857142857,6,3
875,0.0,0.5,0.0,6,1
875,0.0,0.75,0.0,6,1
875,0.0,1.0,0.0,6,1
875,0.25,0.5,0.3333333333333333,3,1
875,0.25,0.75,0.0,3,1
875,0.25,1.0,0.0,3,1
875,0.5,0.75,0.0,1,1
875,0.5,1.0,0.0,1,1
875,0.75,1.0,0.0,1,1
880,0.0,0.25,1.0,8,8
880,0.0,0.5,0.4,8,6
880,0.0,0.75,0.2,8,4
880,0.0,1.0,0.09090909090909091,8,4
880,0.25,0.5,0.4,8,6
880,0.25,0.75,0.2,8,4
880,0.25,1.0,0.09090909090909091,8,4
880,0.5,0.75,0.6666666666666666,6,4
880,0.5,1.0,0.42857142857142855,6,4
880,0.75,1.0,0.6,4,4
887,0.0,0.25,1.0,2,2
887,0.0,0.5,1.0,2,2
887,0.0,0.75,1.0,2,2
887,0.0,1.0,1.0,2,2
887,0.25,0.5,1.0,2,2
887,0.25,0.75,1.0,2,2
887,0.25,1.0,1.0,2,2
887,0.5,0.75,1.0,2,2
887,0.5,1.0,1.0,2,2
887,0.75,1.0,1.0,2,2
900,0.0,0.25,1.0,4,4
900,0.0,0.5,0.6,4,4
900,0.0,0.75,0.3333333333333333,4,4
900,0.0,1.0,0.0,4,2
900,0.25,0.5,0.6,4,4
900,0.25,0.75,0.3333333333333333,4,4
900,0.25,1.0,0.0,4,2
900,0.5,0.75,0.6,4,4
900,0.5,1.0,0.2,4,2
900,0.75,1.0,0.2,4,2
925,0.0,0.25,0.5,5,4
925,0.0,0.5,0.0,5,2
925,0.0,0.75,0.0,5,2
925,0.0,1.0,0.0,5,1
925,0.25,0.5,0.2,4,2
925,0.25,0.75,0.2,4,2
925,0.25,1.0,0.0,4,1
925,0.5,0.75,1.0,2,2
925,0.5,1.0,0.0,2,1
925,0.75,1.0,0.0,2,1
936,0.0,0.25,0.5714285714285714,6,5
936,0.0,0.5,0.14285714285714285,6,2
936,0.0,0.75,0.14285714285714285,6,2
936,0.0,1.0,0.14285714285714285,6,2
936,0.25,0.5,0.4,5,2
936,0.25,0.75,0.4,5,2
936,0.25,1.0,0.4,5,2
936,0.5,0.75,1.0,2,2
936,0.5,1.0,1.0,2,2
936,0.75,1.0,1.0,2,2
941,0.0,0.25,1.0,13,13
941,0.0,0.5,1.0,13,13
941,0.0,0.75,0.7857142857142857,13,12
941,0.0,1.0,0.7142857142857143,13,11
941,0.25,0.5,1.0,13,13
941,0.25,0.75,0.7857142857142857,13,12
941,0.25,1.0,0.7142857142857143,13,11
941,0.5,0.75,0.7857142857142857,13,12
941,0.5,1.0,0.7142857142857143,13,11
941,0.75,1.0,0.9166666666666666,12,11
942,0.0,0.25,1.0,5,5
942,0.0,0.5,1.0,5,5
942,0.0,0.75,0.6666666666666666,5,5
942,0.0,1.0,0.6666666666666666,5,5
942,0.25,0.5,1.0,5,5
942,0.25,0.75,0.6666666666666666,5,5
942,0.25,1.0,0.6666666666666666,5,5
942,0.5,0.75,0.6666666666666666,5,5
942,0.5,1.0,0.6666666666666666,5,5
942,0.75,1.0,1.0,5,5
947,0.0,0.25,0.16666666666666666,6,1
947,0.0,0.5,0.16666666666666666,6,1
947,0.0,0.75,0.16666666666666666,6,1
947,0.0,1.0,0.16666666666666666,6,1
947,0.25,0.5,1.0,1,1
947,0.25,0.75,1.0,1,1
947,0.25,1.0,1.0,1,1
947,0.5,0.75,1.0,1,1
947,0.5,1.0,1.0,1,1
947,0.75,1.0,1.0,1,1
949,0.0,0.25,0.6666666666666666,6,4
949,0.0,0.5,0.5,6,3
949,0.0,0.75,0.2857142857142857,6,3
949,0.0,1.0,0.2857142857142857,6,3
949,0.25,0.5,0.75,4,3
949,0.25,0.75,0.4,4,3
949,0.25,1.0,0.4,4,3
949,0.5,0.75,0.5,3,3
949,0.5,1.0,0.5,3,3
949,0.75,1.0,1.0,3,3
959,0.0,0.25,0.7142857142857143,6,6
959,0.0,0.5,0.2857142857142857,6,3
959,0.0,0.75,0.0,6,2
959,0.0,1.0,0.0,6,2
959,0.25,0.5,0.2857142857142857,6,3
959,0.25,0.75,0.0,6,2
959,0.25,1.0,0.0,6,2
959,0.5,0.75,0.25,3,2
959,0.5,1.0,0.25,3,2
959,0.75,1.0,1.0,2,2
966,0.0,0.25,1.0,4,4
966,0.0,0.5,0.3333333333333333,4,4
966,0.0,0.75,0.3333333333333333,4,4
966,0.0,1.0,0.3333333333333333,4,4
966,0.25,0.5,0.3333333333333333,4,4
966,0.25,0.75,0.3333333333333333,4,4
966,0.25,1.0,0.3333333333333333,4,4
966,0.5,0.75,1.0,4,4
966,0.5,1.0,1.0,4,4
966,0.75,1.0,1.0,4,4
967,0.0,0.25,0.5,5,4
967,0.0,0.5,0.5,5,4
967,0.0,0.75,0.0,5,2
967,0.0,1.0,0.0,5,2
967,0.25,0.5,0.6,4,4
967,0.25,0.75,0.2,4,2
967,0.25,1.0,0.2,4,2
967,0.5,0.75,0.2,4,2
967,0.5,1.0,0.2,4,2
967,0.75,1.0,1.0,2,2
972,0.0,0.25,1.0,10,10
972,0.0,0.5,0.7272727272727273,10,9
972,0.0,0.75,0.2727272727272727,10,4
972,0.0,1.0,0.09090909090909091,10,2
972,0.25,0.5,0.7272727272727273,10,9
972,0.25,0.75,0.2727272727272727,10,4
972,0.25,1.0,0.09090909090909091,10,2
972,0.5,0.75,0.4444444444444444,9,4
972,0.5,1.0,0.2222222222222222,9,2
972,0.75,1.0,0.5,4,2
980,0.0,0.25,1.0,3,3
980,0.0,0.5,0.5,3,3
980,0.0,0.75,0.25,3,2
980,0.0,1.0,0.0,3,1
980,0.25,0.5,0.5,3,3
980,0.25,0.75,0.25,3,2
980,0.25,1.0,0.0,3,1
980,0.5,0.75,0.25,3,2
980,0.5,1.0,0.0,3,1
980,0.75,1.0,0.5,2,1
985,0.0,0.25,0.7272727272727273,10,9
985,0.0,0.5,0.7272727272727273,10,9
985,0.0,0.75,0.3076923076923077,10,7
985,0.0,1.0,0.3076923076923077,10,7
985,0.25,0.5,1.0,9,9
985,0.25,0.75,0.45454545454545453,9,7
985,0.25,1.0,0.45454545454545453,9,7
985,0.5,0.75,0.45454545454545453,9,7
985,0.5,1.0,0.45454545454545453,9,7
985,0.75,1.0,1.0,7,7
987,0.0,0.25,0.75,7,7
987,0.0,0.5,0.125,7,2
987,0.0,0.75,0.0,7,1
987,0.0,1.0,0.0,7,1
987,0.25,0.5,0.125,7,2
987,0.25,0.75,0.0,7,1
987,0.25,1.0,0.0,7,1
987,0.5,0.75,0.5,2,1
987,0.5,1.0,0.5,2,1
987,0.75,1.0,1.0,1,1
992,0.0,0.25,0.8333333333333334,11,11
992,0.0,0.5,0.8333333333333334,11,11
992,0.0,0.75,0.6923076923076923,11,11
992,0.0,1.0,0.6153846153846154,11,10
992,0.25,0.5,0.8333333333333334,11,11
992,0.25,0.75,0.8333333333333334,11,11
992,0.25,1.0,0.6153846153846154,11,10
992,0.5,0.75,0.8333333333333334,11,11
992,0.5,1.0,0.75,11,10
992,0.75,1.0,0.75,11,10
995,0.0,0.25,0.5714285714285714,6,5
995,0.0,0.5,0.5714285714285714,6,5
995,0.0,0.75,0.125,6,3
995,0.0,1.0,0.0,6,1
995,0.25,0.5,1.0,5,5
995,0.25,0.75,0.3333333333333333,5,3
995,0.25,1.0,0.0,5,1
995,0.5,0.75,0.3333333333333333,5,3
995,0.5,1.0,0.0,5,1
995,0.75,1.0,0.3333333333333333,3,1
996,0.0,0.25,0.75,7,7
996,0.0,0.5,0.3333333333333333,7,5
996,0.0,0.75,0.3333333333333333,7,5
996,0.0,1.0,0.2222222222222222,7,4
996,0.25,0.5,0.5,7,5
996,0.25,0.75,0.5,7,5
996,0.25,1.0,0.375,7,4
996,0.5,0.75,0.6666666666666666,5,5
996,0.5,1.0,0.5,5,4
996,0.75,1.0,0.5,5,4
999,0.0,0.25,1.0,6,6
999,0.0,0.5,0.625,6,7
999,0.0,0.75,0.375,6,5
999,0.0,1.0,0.2222222222222222,6,5
999,0.25,0.5,0.625,6,7
999,0.25,0.75,0.375,6,5
999,0.25,1.0,0.2222222222222222,6,5
999,0.5,0.75,0.5,7,5
999,0.5,1.0,0.3333333333333333,7,5
999,0.75,1.0,0.6666666666666666,5,5
1005,0.0,0.25,0.875,8,7
1005,0.0,0.5,0.0,8,2
1005,0.0,0.75,0.0,8,2
1005,0.0,1.0,0.0,8,2
1005,0.25,0.5,0.0,7,2
1005,0.25,0.75,0.0,7,2
1005,0.25,1.0,0.0,7,2
1005,0.5,0.75,1.0,2,2
1005,0.5,1.0,1.0,2,2
1005,0.75,1.0,1.0,2,2
1012,0.0,0.25,0.5,5,4
1012,0.0,0.5,0.16666666666666666,5,2
1012,0.0,0.75,0.16666666666666666,5,2
1012,0.0,1.0,0.0,5,1
1012,0.25,0.5,0.2,4,2
1012,0.25,0.75,0.2,4,2
1012,0.25,1.0,0.0,4,1
1012,0.5,0.75,1.0,2,2
1012,0.5,1.0,0.5,2,1
1012,0.75,1.0,0.5,2,1
1026,0.0,0.25,0.9,10,9
1026,0.0,0.5,0.18181818181818182,10,3
1026,0.0,0.75,0.0,10,1
1026,0.0,1.0,0.0,10,1
1026,0.25,0.5,0.2,9,3
1026,0.25,0.75,0.0,9,1
1026,0.25,1.0,0.0,9,1
1026,0.5,0.75,0.3333333333333333,3,1
1026,0.5,1.0,0.3333333333333333,3,1
1026,0.75,1.0,1.0,1,1
1031,0.0,0.25,0.25,3,2
1031,0.0,0.5,0.0,3,2
1031,0.0,0.75,0.0,3,2
1031,0.0,1.0,0.0,3,1
1031,0.25,0.5,0.3333333333333333,2,2
1031,0.25,0.75,0.3333333333333333,2,2
1031,0.25,1.0,0.0,2,1
1031,0.5,0.75,0.3333333333333333,2,2
1031,0.5,1.0,0.0,2,1
1031,0.75,1.0,0.5,2,1
1043,0.0,0.25,0.75,4,3
1043,0.0,0.5,0.4,4,3
1043,0.0,0.75,0.4,4,3
1043,0.0,1.0,0.16666666666666666,4,3
1043,0.25,0.5,0.5,3,3
1043,0.25,0.75,0.5,3,3
1043,0.25,1.0,0.2,3,3
1043,0.5,0.75,1.0,3,3
1043,0.5,1.0,0.5,3,3
1043,0.75,1.0,0.5,3,3
1074,0.0,0.25,0.7142857142857143,7,5
1074,0.0,0.5,0.125,7,2
1074,0.0,0.75,0.125,7,2
1074,0.0,1.0,0.125,7,2
1074,0.25,0.5,0.16666666666666666,5,2
1074,0.25,0.75,0.16666666666666666,5,2
1074,0.25,1.0,0.16666666666666666,5,2
1074,0.5,0.75,1.0,2,2
1074,0.5,1.0,1.0,2,2
1074,0.75,1.0,1.0,2,2
1077,0.0,0.25,0.6,9,7
1077,0.0,0.5,0.5,9,6
1077,0.0,0.75,0.2,9,3
1077,0.0,1.0,0.0,9,2
1077,0.25,0.5,0.8571428571428571,7,6
1077,0.25,0.75,0.25,7,3
1077,0.25,1.0,0.0,7,2
1077,0.5,0.75,0.2857142857142857,6,3
1077,0.5,1.0,0.0,6,2
1077,0.75,1.0,0.25,3,2
1079,0.0,0.25,0.5714285714285714,6,5
1079,0.0,0.5,0.25,6,4
1079,0.0,0.75,0.0,6,1
1079,0.0,1.0,0.0,6,1
1079,0.25,0.5,0.5,5,4
1079,0.25,0.75,0.0,5,1
1079,0.25,1.0,0.0,5,1
1079,0.5,0.75,0.0,4,1
1079,0.5,1.0,0.0,4,1
1079,0.75,1.0,1.0,1,1
1084,0.0,0.25,0.8333333333333334,6,5
1084,0.0,0.5,0.42857142857142855,6,4
1084,0.0,0.75,0.25,6,4
1084,0.0,1.0,0.25,6,4
1084,0.25,0.5,0.5,5,4
1084,0.25,0.75,0.2857142857142857,5,4
1084,0.25,1.0,0.2857142857142857,5,4
1084,0.5,0.75,0.6,4,4
1084,0.5,1.0,0.6,4,4
1084,0.75,1.0,1.0,4,4
1086,0.0,0.25,1.0,1,1
1086,0.0,0.5,1.0,1,1
1086,0.0,0.75,1.0,1,1
1086,0.0,1.0,0.0,1,1
1086,0.25,0.5,1.0,1,1
1086,0.25,0.75,1.0,1,1
1086,0.25,1.0,0.0,1,1
1086,0.5,0.75,1.0,1,1
1086,0.5,1.0,0.0,1,1
1086,0.75,1.0,0.0,1,1
1087,0.0,0.25,1.0,9,9
1087,0.0,0.5,0.0,9,1
1087,0.0,0.75,0.0,9,1
1087,0.0,1.0,0.0,9,1
1087,0.25,0.5,0.0,9,1
1087,0.25,0.75,0.0,9,1
1087,0.25,1.0,0.0,9,1
1087,0.5,0.75,1.0,1,1
1087,0.5,1.0,1.0,1,1
1087,0.75,1.0,1.0,1,1
1091,0.0,0.25,0.5,2,1
1091,0.0,0.5,0.5,2,1
1091,0.0,0.75,0.0,2,1
1091,0.0,1.0,0.0,2,1
1091,0.25,0.5,1.0,1,1
1091,0.25,0.75,0.0,1,1
1091,0.25,1.0,0.0,1,1
1091,0.5,0.75,0.0,1,1
1091,0.5,1.0,0.0,1,1
1091,0.75,1.0,1.0,1,1
1094,0.0,0.25,0.6,4,4
1094,0.0,0.5,0.4,4,3
1094,0.0,0.75,0.16666666666666666,4,3
1094,0.0,1.0,0.0,4,1
1094,0.25,0.5,0.75,4,3
1094,0.25,0.75,0.4,4,3
1094,0.25,1.0,0.0,4,1
1094,0.5,0.75,0.5,3,3
1094,0.5,1.0,0.0,3,1
1094,0.75,1.0,0.3333333333333333,3,1
1098,0.0,0.25,0.5,6,6
1098,0.0,0.5,0.3333333333333333,6,6
1098,0.0,0.75,0.3333333333333333,6,6
1098,0.0,1.0,0.375,6,5
1098,0.25,0.5,0.7142857142857143,6,6
1098,0.25,0.75,0.7142857142857143,6,6
1098,0.25,1.0,0.5714285714285714,6,5
1098,0.5,0.75,1.0,6,6
1098,0.5,1.0,0.5714285714285714,6,5
1098,0.75,1.0,0.5714285714285714,6,5
1099,0.0,0.25,1.0,7,7
1099,0.0,0.5,0.5,7,5
1099,0.0,0.75,0.375,7,4
1099,0.0,1.0,0.375,7,4
1099,0.25,0.5,0.5,7,5
1099,0.25,0.75,0.375,7,4
1099,0.25,1.0,0.375,7,4
1099,0.5,0.75,0.8,5,4
1099,0.5,1.0,0.8,5,4
1099,0.75,1.0,1.0,4,4
1101,0.0,0.25,0.5,3,3
1101,0.0,0.5,0.5,3,3
1101,0.0,0.75,0.5,3,3
1101,0.0,1.0,0.5,3,3
1101,0.25,0.5,0.5,3,3
1101,0.25,0.75,0.5,3,3
1101,0.25,1.0,0.5,3,3
1101,0.5,0.75,1.0,3,3
1101,0.5,1.0,1.0,3,3
1101,0.75,1.0,1.0,3,3
1112,0.0,0.25,0.625,7,6
1112,0.0,0.5,0.5,7,5
1112,0.0,0.75,0.375,7,4
1112,0.0,1.0,0.375,7,4
1112,0.25,0.5,0.8333333333333334,6,5
1112,0.25,0.75,0.6666666666666666,6,4
1112,0.25,1.0,0.6666666666666666,6,4
1112,0.5,0.75,0.8,5,4
1112,0.5,1.0,0.8,5,4
1112,0.75,1.0,1.0,4,4
1128,0.0,0.25,1.0,8,8
1128,0.0,0.5,0.6666666666666666,8,7
1128,0.0,0.75,0.6666666666666666,8,7
1128,0.0,1.0,0.25,8,7
1128,0.25,0.5,0.6666666666666666,8,7
1128,0.25,0.75,0.6666666666666666,8,7
1128,0.25,1.0,0.25,8,7
1128,0.5,0.75,1.0,7,7
1128,0.5,1.0,0.4,7,7
1128,0.75,1.0,0.4,7,7
1130,0.0,0.25,0.8571428571428571,7,6
1130,0.0,0.5,0.375,7,4
1130,0.0,0.75,0.375,7,4
1130,0.0,1.0,0.25,7,3
1130,0.25,0.5,0.42857142857142855,6,4
1130,0.25,0.75,0.42857142857142855,6,4
1130,0.25,1.0,0.2857142857142857,6,3
1130,0.5,0.75,1.0,4,4
1130,0.5,1.0,0.4,4,3
1130,0.75,1.0,0.4,4,3
1133,0.0,0.25,0.8461538461538461,13,11
1133,0.0,0.5,0.7142857142857143,13,11
1133,0.0,0.75,0.7142857142857143,13,11
1133,0.0,1.0,0.7142857142857143,13,11
1133,0.25,0.5,0.8333333333333334,11,11
1133,0.25,0.75,0.8333333333333334,11,11
1133,0.25,1.0,0.8333333333333334,11,11
1133,0.5,0.75,1.0,11,11
1133,0.5,1.0,1.0,11,11
1133,0.75,1.0,1.0,11,11
1136,0.0,0.25,0.8333333333333334,6,5
1136,0.0,0.5,0.8333333333333334,6,5
1136,0.0,0.75,0.375,6,5
1136,0.0,1.0,0.1111111111111111,6,4
1136,0.25,0.5,1.0,5,5
1136,0.25,0.75,0.42857142857142855,5,5
1136,0.25,1.0,0.125,5,4
1136,0.5,0.75,0.42857142857142855,5,5
1136,0.5,1.0,0.125,5,4
1136,0.75,1.0,0.5,5,4
1137,0.0,0.25,0.75,4,3
1137,0.0,0.5,0.4,4,3
1137,0.0,0.75,0.4,4,3
1137,0.0,1.0,0.4,4,3
1137,0.25,0.5,0.5,3,3
1137,0.25,0.75,0.5,3,3
1137,0.25,1.0,0.5,3,3
1137,0.5,0.75,1.0,3,3
1137,0.5,1.0,1.0,3,3
1137,0.75,1.0,1.0,3,3
1138,0.0,0.25,1.0,4,4
1138,0.0,0.5,0.6,4,4
1138,0.0,0.75,0.2,4,2
1138,0.0,1.0,0.2,4,2
1138,0.25,0.5,0.6,4,4
1138,0.25,0.75,0.2,4,2
1138,0.25,1.0,0.2,4,2
1138,0.5,0.75,0.5,4,2
1138,0.5,1.0,0.5,4,2
1138,0.75,1.0,1.0,2,2
1145,0.0,0.25,0.6666666666666666,6,4
1145,0.0,0.5,0.42857142857142855,6,4
1145,0.0,0.75,0.2857142857142857,6,3
1145,0.0,1.0,0.2857142857142857,6,3
1145,0.25,0.5,0.6,4,4
1145,0.25,0.75,0.4,4,3
1145,0.25,1.0,0.4,4,3
1145,0.5,0.75,0.75,4,3
1145,0.5,1.0,0.75,4,3
1145,0.75,1.0,1.0,3,3
1147,0.0,0.25,0.5714285714285714,6,5
1147,0.0,0.5,0.125,6,3
1147,0.0,0.75,0.0,6,3
1147,0.0,1.0,0.0,6,3
1147,0.25,0.5,0.3333333333333333,5,3
1147,0.25,0.75,0.14285714285714285,5,3
1147,0.25,1.0,0.14285714285714285,5,3
1147,0.5,0.75,0.5,3,3
1147,0.5,1.0,0.5,3,3
1147,0.75,1.0,1.0,3,3
1151,0.0,0.25,1.0,2,2
1151,0.0,0.5,1.0,2,2
1151,0.0,0.75,0.3333333333333333,2,2
1151,0.0,1.0,0.3333333333333333,2,2
1151,0.25,0.5,1.0,2,2
1151,0.25,0.75,0.3333333333333333,2,2
1151,0.25,1.0,0.3333333333333333,2,2
1151,0.5,0.75,0.3333333333333333,2,2
1151,0.5,1.0,0.3333333333333333,2,2
1151,0.75,1.0,1.0,2,2
1154,0.0,0.25,0.75,4,3
1154,0.0,0.5,0.4,4,3
1154,0.0,0.75,0.4,4,3
1154,0.0,1.0,0.2,4,2
1154,0.25,0.5,0.5,3,3
1154,0.25,0.75,0.5,3,3
1154,0.25,1.0,0.25,3,2
1154,0.5,0.75,1.0,3,3
1154,0.5,1.0,0.6666666666666666,3,2
1154,0.75,1.0,0.6666666666666666,3,2
1163,0.0,0.25,0.5,8,4
1163,0.0,0.5,0.1111111111111111,8,2
1163,0.0,0.75,0.0,8,1
1163,0.0,1.0,0.0,8,1
1163,0.25,0.5,0.2,4,2
1163,0.25,0.75,0.0,4,1
1163,0.25,1.0,0.0,4,1
1163,0.5,0.75,0.5,2,1
1163,0.5,1.0,0.5,2,1
1163,0.75,1.0,1.0,1,1
1164,0.0,0.25,0.4444444444444444,8,5
1164,0.0,0.5,0.3,8,5
1164,0.0,0.75,0.2,8,4
1164,0.0,1.0,0.2,8,4
1164,0.25,0.5,0.6666666666666666,5,5
1164,0.25,0.75,0.5,5,4
1164,0.25,1.0,0.5,5,4
1164,0.5,0.75,0.8,5,4
1164,0.5,1.0,0.8,5,4
1164,0.75,1.0,1.0,4,4
1182,0.0,0.25,0.2,4,2
1182,0.0,0.5,0.0,4,2
1182,0.0,0.75,0.0,4,2
1182,0.0,1.0,0.0,4,2
1182,0.25,0.5,0.3333333333333333,2,2
1182,0.25,0.75,0.3333333333333333,2,2
1182,0.25,1.0,0.3333333333333333,2,2
1182,0.5,0.75,1.0,2,2
1182,0.5,1.0,0.3333333333333333,2,2
1182,0.75,1.0,0.3333333333333333,2,2
1183,0.0,0.25,0.75,4,3
1183,0.0,0.5,0.75,4,3
1183,0.0,0.75,0.75,4,3
1183,0.0,1.0,0.75,4,3
1183,0.25,0.5,1.0,3,3
1183,0.25,0.75,1.0,3,3
1183,0.25,1.0,1.0,3,3
1183,0.5,0.75,1.0,3,3
1183,0.5,1.0,1.0,3,3
1183,0.75,1.0,1.0,3,3
1185,0.0,0.25,0.8571428571428571,7,6
1185,0.0,0.5,0.625,7,6
1185,0.0,0.75,0.625,7,6
1185,0.0,1.0,0.625,7,6
1185,0.25,0.5,0.7142857142857143,6,6
1185,0.25,0.75,0.7142857142857143,6,6
1185,0.25,1.0,0.7142857142857143,6,6
1185,0.5,0.75,1.0,6,6
1185,0.5,1.0,1.0,6,6
1185,0.75,1.0,1.0,6,6
1187,0.0,0.25,0.5,6,3
1187,0.0,0.5,0.14285714285714285,6,2
1187,0.0,0.75,0.14285714285714285,6,2
1187,0.0,1.0,0.14285714285714285,6,2
1187,0.25,0.5,0.25,3,2
1187,0.25,0.75,0.25,3,2
1187,0.25,1.0,0.25,3,2
1187,0.5,0.75,1.0,2,2
1187,0.5,1.0,1.0,2,2
1187,0.75,1.0,1.0,2,2
1197,0.0,0.25,0.16666666666666666,5,2
1197,0.0,0.5,0.16666666666666666,5,2
1197,0.0,0.75,0.16666666666666666,5,2
1197,0.0,1.0,0.0,5,2
1197,0.25,0.5,1.0,2,2
1197,0.25,0.75,1.0,2,2
1197,0.25,1.0,0.3333333333333333,2,2
1197,0.5,0.75,1.0,2,2
1197,0.5,1.0,0.3333333333333333,2,2
1197,0.75,1.0,0.3333333333333333,2,2
1199,0.0,0.25,0.7272727272727273,10,9
1199,0.0,0.5,0.5,10,8
1199,0.0,0.75,0.07692307692307693,10,4
1199,0.0,1.0,0.07692307692307693,10,4
1199,0.25,0.5,0.7,9,8
1199,0.25,0.75,0.18181818181818182,9,4
1199,0.25,1.0,0.18181818181818182,9,4
1199,0.5,0.75,0.3333333333333333,8,4
1199,0.5,1.0,0.2,8,4
1199,0.75,1.0,0.6,4,4
1203,0.0,0.25,0.8181818181818182,10,10
1203,0.0,0.5,0.6363636363636364,10,8
1203,0.0,0.75,0.5454545454545454,10,7
1203,0.0,1.0,0.23076923076923078,10,6
1203,0.25,0.5,0.8,10,8
1203,0.25,0.75,0.7,10,7
1203,0.25,1.0,0.3333333333333333,10,6
1203,0.5,0.75,0.875,8,7
1203,0.5,1.0,0.4,8,6
1203,0.75,1.0,0.4444444444444444,7,6
1205,0.0,0.25,0.16666666666666666,5,2
1205,0.0,0.5,0.0,5,1
1205,0.0,0.75,0.0,5,1
1205,0.0,1.0,0.0,5,1
1205,0.25,0.5,0.0,2,1
1205,0.25,0.75,0.0,2,1
1205,0.25,1.0,0.0,2,1
1205,0.5,0.75,1.0,1,1
1205,0.5,1.0,1.0,1,1
1205,0.75,1.0,1.0,1,1
1206,0.0,0.25,1.0,8,8
1206,0.0,0.5,0.1111111111111111,8,2
1206,0.0,0.75,0.1111111111111111,8,2
1206,0.0,1.0,0.0,8,2
1206,0.25,0.5,0.1111111111111111,8,2
1206,0.25,0.75,0.1111111111111111,8,2
1206,0.25,1.0,0.0,8,2
1206,0.5,0.75,0.3333333333333333,2,2
1206,0.5,1.0,0.3333333333333333,2,2
1206,0.75,1.0,0.3333333333333333,2,2
1218,0.0,0.25,1.0,6,6
1218,0.0,0.5,0.2857142857142857,6,3
1218,0.0,0.75,0.2857142857142857,6,3
1218,0.0,1.0,0.2857142857142857,6,3
1218,0.25,0.5,0.2857142857142857,6,3
1218,0.25,0.75,0.2857142857142857,6,3
1218,0.25,1.0,0.2857142857142857,6,3
1218,0.5,0.75,0.5,3,3
1218,0.5,1.0,0.5,3,3
1218,0.75,1.0,1.0,3,3
1220,0.0,0.25,1.0,2,2
1220,0.0,0.5,1.0,2,2
1220,0.0,0.75,0.3333333333333333,2,2
1220,0.0,1.0,0.0,2,1
1220,0.25,0.5,1.0,2,2
1220,0.25,0.75,0.3333333333333333,2,2
1220,0.25,1.0,0.0,2,1
1220,0.5,0.75,0.3333333333333333,2,2
1220,0.5,1.0,0.0,2,1
1220,0.75,1.0,0.0,2,1
1222,0.0,0.25,0.5,6,3
1222,0.0,0.5,0.14285714285714285,6,2
1222,0.0,0.75,0.14285714285714285,6,2
1222,0.0,1.0,0.14285714285714285,6,2
1222,0.25,0.5,0.25,3,2
1222,0.25,0.75,0.25,3,2
1222,0.25,1.0,0.25,3,2
1222,0.5,0.75,1.0,2,2
1222,0.5,1.0,1.0,2,2
1222,0.75,1.0,1.0,2,2
1224,0.0,0.25,1.0,8,8
1224,0.0,0.5,0.4444444444444444,8,5
1224,0.0,0.75,0.1,8,3
1224,0.0,1.0,0.0,8,2
1224,0.25,0.5,0.4444444444444444,8,5
1224,0.25,0.75,0.1,8,3
1224,0.25,1.0,0.0,8,2
1224,0.5,0.75,0.3333333333333333,5,3
1224,0.5,1.0,0.16666666666666666,5,2
1224,0.75,1.0,0.6666666666666666,3,2
1227,0.0,0.25,0.125,8,1
1227,0.0,0.5,0.125,8,1
1227,0.0,0.75,0.0,8,1
1227,0.0,1.0,0.0,8,1
1227,0.25,0.5,1.0,1,1
1227,0.25,0.75,0.0,1,1
1227,0.25,1.0,0.0,1,1
1227,0.5,0.75,0.0,1,1
1227,0.5,1.0,0.0,1,1
1227,0.75,1.0,1.0,1,1
1237,0.0,0.25,0.2857142857142857,6,3
1237,0.0,0.5,0.14285714285714285,6,2
1237,0.0,0.75,0.14285714285714285,6,2
1237,0.0,1.0,0.14285714285714285,6,2
1237,0.25,0.5,0.6666666666666666,3,2
1237,0.25,0.75,0.6666666666666666,3,2
1237,0.25,1.0,0.6666666666666666,3,2
1237,0.5,0.75,1.0,2,2
1237,0.5,1.0,1.0,2,2
1237,0.75,1.0,1.0,2,2
1238,0.0,0.25,1.0,3,3
1238,0.0,0.5,1.0,3,3
1238,0.0,0.75,0.5,3,3
1238,0.0,1.0,0.5,3,3
1238,0.25,0.5,1.0,3,3
1238,0.25,0.75,0.5,3,3
1238,0.25,1.0,0.5,3,3
1238,0.5,0.75,0.5,3,3
1238,0.5,1.0,0.5,3,3
1238,0.75,1.0,1.0,3,3
1240,0.0,0.25,0.25,7,3
1240,0.0,0.5,0.25,7,3
1240,0.0,0.75,0.1111111111111111,7,3
1240,0.0,1.0,0.1111111111111111,7,3
1240,0.25,0.5,1.0,3,3
1240,0.25,0.75,0.5,3,3
1240,0.25,1.0,0.5,3,3
1240,0.5,0.75,0.5,3,3
1240,0.5,1.0,0.5,3,3
1240,0.75,1.0,1.0,3,3
1241,0.0,0.25,0.625,7,6
1241,0.0,0.5,0.3333333333333333,7,5
1241,0.0,0.75,0.0,7,2
1241,0.0,1.0,0.0,7,2
1241,0.25,0.5,0.5714285714285714,6,5
1241,0.25,0.75,0.0,6,2
1241,0.25,1.0,0.0,6,2
1241,0.5,0.75,0.16666666666666666,5,2
1241,0.5,1.0,0.16666666666666666,5,2
1241,0.75,1.0,1.0,2,2
1250,0.0,0.25,0.5714285714285714,6,5
1250,0.0,0.5,0.25,6,4
1250,0.0,0.75,0.14285714285714285,6,2
1250,0.0,1.0,0.0,6,2
1250,0.25,0.5,0.5,5,4
1250,0.25,0.75,0.16666666666666666,5,2
1250,0.25,1.0,0.0,5,2
1250,0.5,0.75,0.5,4,2
1250,0.5,1.0,0.2,4,2
1250,0.75,1.0,0.3333333333333333,2,2
1253,0.0,0.25,0.6666666666666666,3,2
1253,0.0,0.5,0.25,3,2
1253,0.0,0.75,0.25,3,2
1253,0.0,1.0,0.0,3,1
1253,0.25,0.5,0.3333333333333333,2,2
1253,0.25,0.75,0.3333333333333333,2,2
1253,0.25,1.0,0.0,2,1
1253,0.5,0.75,0.3333333333333333,2,2
1253,0.5,1.0,0.0,2,1
1253,0.75,1.0,0.5,2,1
1258,0.0,0.25,0.5,4,2
1258,0.0,0.5,0.2,4,2
1258,0.0,0.75,0.2,4,2
1258,0.0,1.0,0.2,4,2
1258,0.25,0.5,0.3333333333333333,2,2
1258,0.25,0.75,0.3333333333333333,2,2
1258,0.25,1.0,0.3333333333333333,2,2
1258,0.5,0.75,1.0,2,2
1258,0.5,1.0,1.0,2,2
1258,0.75,1.0,1.0,2,2
1263,0.0,0.25,0.8181818181818182,10,10
1263,0.0,0.5,0.5833333333333334,10,9
1263,0.0,0.75,0.07142857142857142,10,5
1263,0.0,1.0,0.07142857142857142,10,5
1263,0.25,0.5,0.7272727272727273,10,9
1263,0.25,0.75,0.15384615384615385,10,5
1263,0.25,1.0,0.07142857142857142,10,5
1263,0.5,0.75,0.2727272727272727,9,5
1263,0.5,1.0,0.16666666666666666,9,5
1263,0.75,1.0,0.6666666666666666,5,5
1264,0.0,0.25,0.2,5,1
1264,0.0,0.5,0.2,5,1
1264,0.0,0.75,0.2,5,1
1264,0.0,1.0,0.2,5,1
1264,0.25,0.5,1.0,1,1
1264,0.25,0.75,1.0,1,1
1264,0.25,1.0,1.0,1,1
1264,0.5,0.75,1.0,1,1
1264,0.5,1.0,1.0,1,1
1264,0.75,1.0,1.0,1,1
1279,0.0,0.25,1.0,6,6
1279,0.0,0.5,0.0,6,1
1279,0.0,0.75,0.0,6,1
1279,0.0,1.0,0.0,6,1
1279,0.25,0.5,0.0,6,1
1279,0.25,0.75,0.0,6,1
1279,0.25,1.0,0.0,6,1
1279,0.5,0.75,1.0,1,1
1279,0.5,1.0,1.0,1,1
1279,0.75,1.0,1.0,1,1
1285,0.0,0.25,0.75,4,3
1285,0.0,0.5,0.75,4,3
1285,0.0,0.75,0.75,4,3
1285,0.0,1.0,0.75,4,3
1285,0.25,0.5,1.0,3,3
1285,0.25,0.75,1.0,3,3
1285,0.25,1.0,1.0,3,3
1285,0.5,0.75,1.0,3,3
1285,0.5,1.0,1.0,3,3
1285,0.75,1.0,1.0,3,3
1288,0.0,0.25,0.8571428571428571,7,6
1288,0.0,0.5,0.0,7,1
1288,0.0,0.75,0.0,7,1
1288,0.0,1.0,0.0,7,1
1288,0.25,0.5,0.0,6,1
1288,0.25,0.75,0.0,6,1
1288,0.25,1.0,0.0,6,1
1288,0.5,0.75,1.0,1,1
1288,0.5,1.0,1.0,1,1
1288,0.75,1.0,1.0,1,1
1297,0.0,0.25,0.6666666666666666,5,5
1297,0.0,0.5,0.5,5,4
1297,0.0,0.75,0.5,5,4
1297,0.0,1.0,0.2857142857142857,5,4
1297,0.25,0.5,0.5,5,4
1297,0.25,0.75,0.5,5,4
1297,0.25,1.0,0.5,5,4
1297,0.5,0.75,1.0,4,4
1297,0.5,1.0,0.6,4,4
1297,0.75,1.0,0.6,4,4
1302,0.0,0.25,0.7,9,8
1302,0.0,0.5,0.7,9,8
1302,0.0,0.75,0.36363636363636365,9,6
1302,0.0,1.0,0.36363636363636365,9,6
1302,0.25,0.5,0.7777777777777778,8,8
1302,0.25,0.75,0.5555555555555556,8,6
1302,0.25,1.0,0.5555555555555556,8,6
1302,0.5,0.75,0.5555555555555556,8,6
1302,0.5,1.0,0.5555555555555556,8,6
1302,0.75,1.0,1.0,6,6
1307,0.0,0.25,1.0,7,7
1307,0.0,0.5,0.75,7,7
1307,0.0,0.75,0.4444444444444444,7,6
1307,0.0,1.0,0.4444444444444444,7,6
1307,0.25,0.5,0.75,7,7
1307,0.25,0.75,0.4444444444444444,7,6
1307,0.25,1.0,0.4444444444444444,7,6
1307,0.5,0.75,0.625,7,6
1307,0.5,1.0,0.625,7,6
1307,0.75,1.0,0.7142857142857143,6,6
1310,0.0,0.25,0.8,5,4
1310,0.0,0.5,0.3333333333333333,5,3
1310,0.0,0.75,0.3333333333333333,5,3
1310,0.0,1.0,0.16666666666666666,5,2
1310,0.25,0.5,0.4,4,3
1310,0.25,0.75,0.4,4,3
1310,0.25,1.0,0.2,4,2
1310,0.5,0.75,1.0,3,3
1310,0.5,1.0,0.25,3,2
1310,0.75,1.0,0.25,3,2
1316,0.0,0.25,0.4,4,3
1316,0.0,0.5,0.4,4,3
1316,0.0,0.75,0.16666666666666666,4,3
1316,0.0,1.0,0.16666666666666666,4,3
1316,0.25,0.5,1.0,3,3
1316,0.25,0.75,0.5,3,3
1316,0.25,1.0,0.5,3,3
1316,0.5,0.75,0.5,3,3
1316,0.5,1.0,0.5,3,3
1316,0.75,1.0,1.0,3,3
1320,0.0,0.25,1.0,4,4
1320,0.0,0.5,0.3333333333333333,4,4
1320,0.0,0.75,0.16666666666666666,4,3
1320,0.0,1.0,0.16666666666666666,4,3
1320,0.25,0.5,0.3333333333333333,4,4
1320,0.25,0.75,0.16666666666666666,4,3
1320,0.25,1.0,0.16666666666666666,4,3
1320,0.5,0.75,0.75,4,3
1320,0.5,1.0,0.4,4,3
1320,0.75,1.0,0.5,3,3
1321,0.0,0.25,0.5,4,2
1321,0.0,0.5,0.5,4,2
1321,0.0,0.75,0.5,4,2
1321,0.0,1.0,0.2,4,2
1321,0.25,0.5,1.0,2,2
1321,0.25,0.75,1.0,2,2
1321,0.25,1.0,0.3333333333333333,2,2
1321,0.5,0.75,1.0,2,2
1321,0.5,1.0,0.3333333333333333,2,2
1321,0.75,1.0,0.3333333333333333,2,2
1328,0.0,0.25,0.7142857142857143,6,6
1328,0.0,0.5,0.14285714285714285,6,2
1328,0.0,0.75,0.0,6,1
1328,0.0,1.0,0.0,6,1
1328,0.25,0.5,0.14285714285714285,6,2
1328,0.25,0.75,0.0,6,1
1328,0.25,1.0,0.0,6,1
1328,0.5,0.75,0.5,2,1
1328,0.5,1.0,0.5,2,1
1328,0.75,1.0,1.0,1,1
1334,0.0,0.25,0.5,2,1
1334,0.0,0.5,0.5,2,1
1334,0.0,0.75,0.5,2,1
1334,0.0,1.0,0.0,2,1
1334,0.25,0.5,1.0,1,1
1334,0.25,0.75,1.0,1,1
1334,0.25,1.0,0.0,1,1
1334,0.5,0.75,1.0,1,1
1334,0.5,1.0,0.0,1,1
1334,0.75,1.0,0.0,1,1
1346,0.0,0.25,0.1111111111111111,8,2
1346,0.0,0.5,0.1111111111111111,8,2
1346,0.0,0.75,0.1111111111111111,8,2
1346,0.0,1.0,0.1111111111111111,8,2
1346,0.25,0.5,1.0,2,2
1346,0.25,0.75,1.0,2,2
1346,0.25,1.0,1.0,2,2
1346,0.5,0.75,1.0,2,2
1346,0.5,1.0,1.0,2,2
1346,0.75,1.0,1.0,2,2
1348,0.0,0.25,1.0,3,3
1348,0.0,0.5,0.5,3,3
1348,0.0,0.75,0.0,3,2
1348,0.0,1.0,0.0,3,1
1348,0.25,0.5,0.5,3,3
1348,0.25,0.75,0.0,3,2
1348,0.25,1.0,0.0,3,1
1348,0.5,0.75,0.25,3,2
1348,0.5,1.0,0.0,3,1
1348,0.75,1.0,0.0,2,1
